scenario,w,h,area,run,goldTile,goldSquare,mushGold,tapGold,logs,oak,maple,pine,walkway,unreachableLogs,invalid,layout
connected,2,2,4,1,22.222,5.556,0,22.222,0,0,1,0,3,0,0,M./..
connected,2,2,4,2,22.222,5.556,0,22.222,0,0,1,0,3,0,0,M./..
connected,2,2,4,3,22.222,5.556,0,22.222,0,0,1,0,3,0,0,M./..
connected,2,2,4,4,22.222,5.556,0,22.222,0,0,1,0,3,0,0,M./..
connected,2,2,4,5,22.222,5.556,0,22.222,0,0,1,0,3,0,0,M./..
connected,2,2,4,6,22.222,5.556,0,22.222,0,0,1,0,3,0,0,M./..
connected,2,2,4,7,22.222,5.556,0,22.222,0,0,1,0,3,0,0,M./..
connected,2,2,4,8,22.222,5.556,0,22.222,0,0,1,0,3,0,0,M./..
connected,2,2,4,9,22.222,5.556,0,22.222,0,0,1,0,3,0,0,M./..
connected,2,2,4,10,22.222,5.556,0,22.222,0,0,1,0,3,0,0,M./..
connected,2,2,4,11,22.222,5.556,0,22.222,0,0,1,0,3,0,0,M./..
connected,2,2,4,12,22.222,5.556,0,22.222,0,0,1,0,3,0,0,M./..
connected,2,2,4,13,22.222,5.556,0,22.222,0,0,1,0,3,0,0,M./..
connected,2,2,4,14,22.222,5.556,0,22.222,0,0,1,0,3,0,0,M./..
connected,2,2,4,15,22.222,5.556,0,22.222,0,0,1,0,3,0,0,M./..
connected,2,2,4,16,22.222,5.556,0,22.222,0,0,1,0,3,0,0,M./..
connected,2,2,4,17,22.222,5.556,0,22.222,0,0,1,0,3,0,0,M./..
connected,2,2,4,18,22.222,5.556,0,22.222,0,0,1,0,3,0,0,M./..
connected,2,2,4,19,22.222,5.556,0,22.222,0,0,1,0,3,0,0,M./..
connected,2,2,4,20,22.222,5.556,0,22.222,0,0,1,0,3,0,0,M./..
connected,2,3,6,1,143.484,23.914,123.484,20,1,0,0,1,4,0,0,P./L./..
connected,2,3,6,2,143.484,23.914,123.484,20,1,0,0,1,4,0,0,P./L./..
connected,2,3,6,3,143.484,23.914,123.484,20,1,0,0,1,4,0,0,P./L./..
connected,2,3,6,4,143.484,23.914,123.484,20,1,0,0,1,4,0,0,P./L./..
connected,2,3,6,5,143.484,23.914,123.484,20,1,0,0,1,4,0,0,P./L./..
connected,2,3,6,6,143.484,23.914,123.484,20,1,0,0,1,4,0,0,P./L./..
connected,2,3,6,7,143.484,23.914,123.484,20,1,0,0,1,4,0,0,P./L./..
connected,2,3,6,8,143.484,23.914,123.484,20,1,0,0,1,4,0,0,P./L./..
connected,2,3,6,9,143.484,23.914,123.484,20,1,0,0,1,4,0,0,P./L./..
connected,2,3,6,10,143.484,23.914,123.484,20,1,0,0,1,4,0,0,P./L./..
connected,2,3,6,11,143.484,23.914,123.484,20,1,0,0,1,4,0,0,P./L./..
connected,2,3,6,12,143.484,23.914,123.484,20,1,0,0,1,4,0,0,P./L./..
connected,2,3,6,13,143.484,23.914,123.484,20,1,0,0,1,4,0,0,P./L./..
connected,2,3,6,14,143.484,23.914,123.484,20,1,0,0,1,4,0,0,P./L./..
connected,2,3,6,15,143.484,23.914,123.484,20,1,0,0,1,4,0,0,P./L./..
connected,2,3,6,16,143.484,23.914,123.484,20,1,0,0,1,4,0,0,P./L./..
connected,2,3,6,17,143.484,23.914,123.484,20,1,0,0,1,4,0,0,P./L./..
connected,2,3,6,18,143.484,23.914,123.484,20,1,0,0,1,4,0,0,P./L./..
connected,2,3,6,19,143.484,23.914,123.484,20,1,0,0,1,4,0,0,P./L./..
connected,2,3,6,20,143.484,23.914,123.484,20,1,0,0,1,4,0,0,P./L./..
connected,2,4,8,1,266.969,33.371,246.969,20,2,0,0,1,5,0,0,../.L/.P/.L
connected,2,4,8,2,266.969,33.371,246.969,20,2,0,0,1,5,0,0,L./L./P./..
connected,2,4,8,3,266.969,33.371,246.969,20,2,0,0,1,5,0,0,P./L./L./..
connected,2,4,8,4,266.969,33.371,246.969,20,2,0,0,1,5,0,0,L./L./P./..
connected,2,4,8,5,266.969,33.371,246.969,20,2,0,0,1,5,0,0,P./L./L./..
connected,2,4,8,6,266.969,33.371,246.969,20,2,0,0,1,5,0,0,L./L./P./..
connected,2,4,8,7,266.969,33.371,246.969,20,2,0,0,1,5,0,0,L./P./L./..
connected,2,4,8,8,266.969,33.371,246.969,20,2,0,0,1,5,0,0,L./../P./L.
connected,2,4,8,9,266.969,33.371,246.969,20,2,0,0,1,5,0,0,P./L./L./..
connected,2,4,8,10,266.969,33.371,246.969,20,2,0,0,1,5,0,0,L./../P./L.
connected,2,4,8,11,266.969,33.371,246.969,20,2,0,0,1,5,0,0,P./L./L./..
connected,2,4,8,12,266.969,33.371,246.969,20,2,0,0,1,5,0,0,P./L./L./..
connected,2,4,8,13,266.969,33.371,246.969,20,2,0,0,1,5,0,0,L./L./P./..
connected,2,4,8,14,266.969,33.371,246.969,20,2,0,0,1,5,0,0,../.P/.L/.L
connected,2,4,8,15,266.969,33.371,246.969,20,2,0,0,1,5,0,0,L./L./P./..
connected,2,4,8,16,266.969,33.371,246.969,20,2,0,0,1,5,0,0,L./L./P./..
connected,2,4,8,17,266.969,33.371,246.969,20,2,0,0,1,5,0,0,P./L./L./..
connected,2,4,8,18,266.969,33.371,246.969,20,2,0,0,1,5,0,0,L./L./P./..
connected,2,4,8,19,266.969,33.371,246.969,20,2,0,0,1,5,0,0,L./L./P./..
connected,2,4,8,20,266.969,33.371,246.969,20,2,0,0,1,5,0,0,L./L./P./..
connected,2,5,10,1,325.755,32.575,285.755,40,2,0,0,2,6,0,0,P./../P./L./L.
connected,2,5,10,2,325.755,32.575,285.755,40,2,0,0,2,6,0,0,L./L./P./../P.
connected,2,5,10,3,325.755,32.575,285.755,40,2,0,0,2,6,0,0,L./L./P./../P.
connected,2,5,10,4,325.755,32.575,285.755,40,2,0,0,2,6,0,0,L./P./../P./L.
connected,2,5,10,5,325.755,32.575,285.755,40,2,0,0,2,6,0,0,.L/.P/../.P/.L
connected,2,5,10,6,325.755,32.575,285.755,40,2,0,0,2,6,0,0,.P/../.P/.L/.L
connected,2,5,10,7,325.755,32.575,285.755,40,2,0,0,2,6,0,0,.P/../.P/.L/.L
connected,2,5,10,8,325.755,32.575,285.755,40,2,0,0,2,6,0,0,P./../P./L./L.
connected,2,5,10,9,325.755,32.575,285.755,40,2,0,0,2,6,0,0,L./P./../P./L.
connected,2,5,10,10,325.755,32.575,285.755,40,2,0,0,2,6,0,0,P./L./L./P./..
connected,2,5,10,11,325.755,32.575,285.755,40,2,0,0,2,6,0,0,.P/../.P/.L/.L
connected,2,5,10,12,325.755,32.575,285.755,40,2,0,0,2,6,0,0,.P/.L/.L/.P/..
connected,2,5,10,13,325.755,32.575,285.755,40,2,0,0,2,6,0,0,../.P/.L/.L/.P
connected,2,5,10,14,325.755,32.575,285.755,40,2,0,0,2,6,0,0,.P/.L/.L/.P/..
connected,2,5,10,15,325.755,32.575,285.755,40,2,0,0,2,6,0,0,../.P/.L/.L/.P
connected,2,5,10,16,325.755,32.575,285.755,40,2,0,0,2,6,0,0,P./../P./L./L.
connected,2,5,10,17,325.755,32.575,285.755,40,2,0,0,2,6,0,0,.P/.L/.L/.P/..
connected,2,5,10,18,325.755,32.575,285.755,40,2,0,0,2,6,0,0,.P/.L/.L/.P/..
connected,2,5,10,19,325.755,32.575,285.755,40,2,0,0,2,6,0,0,P./../P./L./L.
connected,2,5,10,20,325.755,32.575,285.755,40,2,0,0,2,6,0,0,.P/.L/.L/.P/..
connected,2,6,12,1,449.239,37.437,409.239,40,3,0,0,2,7,0,0,.L/.P/.L/../.L/.P
connected,2,6,12,2,449.239,37.437,409.239,40,3,0,0,2,7,0,0,.L/.P/.L/../.L/.P
connected,2,6,12,3,449.239,37.437,409.239,40,3,0,0,2,7,0,0,.L/.P/.L/../.L/.P
connected,2,6,12,4,449.239,37.437,409.239,40,3,0,0,2,7,0,0,.L/.P/.L/../.L/.P
connected,2,6,12,5,449.239,37.437,409.239,40,3,0,0,2,7,0,0,.L/.P/.L/../.L/.P
connected,2,6,12,6,449.239,37.437,409.239,40,3,0,0,2,7,0,0,.L/.P/.L/../.L/.P
connected,2,6,12,7,449.239,37.437,409.239,40,3,0,0,2,7,0,0,.L/.P/.L/../.L/.P
connected,2,6,12,8,449.239,37.437,409.239,40,3,0,0,2,7,0,0,.L/.P/.L/../.L/.P
connected,2,6,12,9,449.239,37.437,409.239,40,3,0,0,2,7,0,0,.L/.P/.L/../.L/.P
connected,2,6,12,10,449.239,37.437,409.239,40,3,0,0,2,7,0,0,.L/.P/.L/../.L/.P
connected,2,6,12,11,449.239,37.437,409.239,40,3,0,0,2,7,0,0,.L/.P/.L/../.L/.P
connected,2,6,12,12,449.239,37.437,409.239,40,3,0,0,2,7,0,0,.L/.P/.L/../.L/.P
connected,2,6,12,13,449.239,37.437,409.239,40,3,0,0,2,7,0,0,.L/.P/.L/../.L/.P
connected,2,6,12,14,449.239,37.437,409.239,40,3,0,0,2,7,0,0,.L/.P/.L/../.L/.P
connected,2,6,12,15,449.239,37.437,409.239,40,3,0,0,2,7,0,0,.L/.P/.L/../.L/.P
connected,2,6,12,16,449.239,37.437,409.239,40,3,0,0,2,7,0,0,.L/.P/.L/../.L/.P
connected,2,6,12,17,449.239,37.437,409.239,40,3,0,0,2,7,0,0,.L/.P/.L/../.L/.P
connected,2,6,12,18,449.239,37.437,409.239,40,3,0,0,2,7,0,0,.L/.P/.L/../.L/.P
connected,2,6,12,19,449.239,37.437,409.239,40,3,0,0,2,7,0,0,.L/.P/.L/../.L/.P
connected,2,6,12,20,449.239,37.437,409.239,40,3,0,0,2,7,0,0,.L/.P/.L/../.L/.P
connected,2,7,14,1,533.937,38.138,493.937,40,4,0,0,2,8,0,0,.L/.P/.L/../.L/.P/.L
connected,2,7,14,2,533.937,38.138,493.937,40,4,0,0,2,8,0,0,.L/.P/.L/../.L/.P/.L
connected,2,7,14,3,533.937,38.138,493.937,40,4,0,0,2,8,0,0,.L/.P/.L/../.L/.P/.L
connected,2,7,14,4,533.937,38.138,493.937,40,4,0,0,2,8,0,0,.L/.P/.L/../.L/.P/.L
connected,2,7,14,5,533.937,38.138,493.937,40,4,0,0,2,8,0,0,.L/.P/.L/../.L/.P/.L
connected,2,7,14,6,533.937,38.138,493.937,40,4,0,0,2,8,0,0,.L/.P/.L/../.L/.P/.L
connected,2,7,14,7,533.937,38.138,493.937,40,4,0,0,2,8,0,0,.L/.P/.L/../.L/.P/.L
connected,2,7,14,8,533.937,38.138,493.937,40,4,0,0,2,8,0,0,.L/.P/.L/../.L/.P/.L
connected,2,7,14,9,533.937,38.138,493.937,40,4,0,0,2,8,0,0,.L/.P/.L/../.L/.P/.L
connected,2,7,14,10,533.937,38.138,493.937,40,4,0,0,2,8,0,0,.L/.P/.L/../.L/.P/.L
connected,2,7,14,11,533.937,38.138,493.937,40,4,0,0,2,8,0,0,.L/.P/.L/../.L/.P/.L
connected,2,7,14,12,533.937,38.138,493.937,40,4,0,0,2,8,0,0,.L/.P/.L/../.L/.P/.L
connected,2,7,14,13,533.937,38.138,493.937,40,4,0,0,2,8,0,0,.L/.P/.L/../.L/.P/.L
connected,2,7,14,14,533.937,38.138,493.937,40,4,0,0,2,8,0,0,.L/.P/.L/../.L/.P/.L
connected,2,7,14,15,533.937,38.138,493.937,40,4,0,0,2,8,0,0,.L/.P/.L/../.L/.P/.L
connected,2,7,14,16,533.937,38.138,493.937,40,4,0,0,2,8,0,0,.L/.P/.L/../.L/.P/.L
connected,2,7,14,17,533.937,38.138,493.937,40,4,0,0,2,8,0,0,.L/.P/.L/../.L/.P/.L
connected,2,7,14,18,533.937,38.138,493.937,40,4,0,0,2,8,0,0,.L/.P/.L/../.L/.P/.L
connected,2,7,14,19,533.937,38.138,493.937,40,4,0,0,2,8,0,0,.L/.P/.L/../.L/.P/.L
connected,2,7,14,20,533.937,38.138,493.937,40,4,0,0,2,8,0,0,.L/.P/.L/../.L/.P/.L
connected,3,2,6,1,143.484,23.914,123.484,20,1,0,0,1,4,0,0,PL./...
connected,3,2,6,2,143.484,23.914,123.484,20,1,0,0,1,4,0,0,PL./...
connected,3,2,6,3,143.484,23.914,123.484,20,1,0,0,1,4,0,0,PL./...
connected,3,2,6,4,143.484,23.914,123.484,20,1,0,0,1,4,0,0,PL./...
connected,3,2,6,5,143.484,23.914,123.484,20,1,0,0,1,4,0,0,PL./...
connected,3,2,6,6,143.484,23.914,123.484,20,1,0,0,1,4,0,0,PL./...
connected,3,2,6,7,143.484,23.914,123.484,20,1,0,0,1,4,0,0,PL./...
connected,3,2,6,8,143.484,23.914,123.484,20,1,0,0,1,4,0,0,PL./...
connected,3,2,6,9,143.484,23.914,123.484,20,1,0,0,1,4,0,0,PL./...
connected,3,2,6,10,143.484,23.914,123.484,20,1,0,0,1,4,0,0,PL./...
connected,3,2,6,11,143.484,23.914,123.484,20,1,0,0,1,4,0,0,PL./...
connected,3,2,6,12,143.484,23.914,123.484,20,1,0,0,1,4,0,0,PL./...
connected,3,2,6,13,143.484,23.914,123.484,20,1,0,0,1,4,0,0,PL./...
connected,3,2,6,14,143.484,23.914,123.484,20,1,0,0,1,4,0,0,PL./...
connected,3,2,6,15,143.484,23.914,123.484,20,1,0,0,1,4,0,0,PL./...
connected,3,2,6,16,143.484,23.914,123.484,20,1,0,0,1,4,0,0,PL./...
connected,3,2,6,17,143.484,23.914,123.484,20,1,0,0,1,4,0,0,PL./...
connected,3,2,6,18,143.484,23.914,123.484,20,1,0,0,1,4,0,0,PL./...
connected,3,2,6,19,143.484,23.914,123.484,20,1,0,0,1,4,0,0,PL./...
connected,3,2,6,20,143.484,23.914,123.484,20,1,0,0,1,4,0,0,PL./...
connected,3,3,9,1,355.791,39.532,335.791,20,3,0,0,1,5,0,0,LL./LP./...
connected,3,3,9,2,355.791,39.532,335.791,20,3,0,0,1,5,0,0,LL./LP./...
connected,3,3,9,3,355.791,39.532,335.791,20,3,0,0,1,5,0,0,LL./LP./...
connected,3,3,9,4,355.791,39.532,335.791,20,3,0,0,1,5,0,0,LL./LP./...
connected,3,3,9,5,355.791,39.532,335.791,20,3,0,0,1,5,0,0,LL./LP./...
connected,3,3,9,6,355.791,39.532,335.791,20,3,0,0,1,5,0,0,LL./LP./...
connected,3,3,9,7,355.791,39.532,335.791,20,3,0,0,1,5,0,0,LL./LP./...
connected,3,3,9,8,355.791,39.532,335.791,20,3,0,0,1,5,0,0,LL./LP./...
connected,3,3,9,9,355.791,39.532,335.791,20,3,0,0,1,5,0,0,LL./LP./...
connected,3,3,9,10,355.791,39.532,335.791,20,3,0,0,1,5,0,0,LL./LP./...
connected,3,3,9,11,355.791,39.532,335.791,20,3,0,0,1,5,0,0,LL./LP./...
connected,3,3,9,12,355.791,39.532,335.791,20,3,0,0,1,5,0,0,LL./LP./...
connected,3,3,9,13,355.791,39.532,335.791,20,3,0,0,1,5,0,0,LL./LP./...
connected,3,3,9,14,355.791,39.532,335.791,20,3,0,0,1,5,0,0,LL./LP./...
connected,3,3,9,15,355.791,39.532,335.791,20,3,0,0,1,5,0,0,LL./LP./...
connected,3,3,9,16,355.791,39.532,335.791,20,3,0,0,1,5,0,0,LL./LP./...
connected,3,3,9,17,355.791,39.532,335.791,20,3,0,0,1,5,0,0,LL./LP./...
connected,3,3,9,18,355.791,39.532,335.791,20,3,0,0,1,5,0,0,LL./LP./...
connected,3,3,9,19,355.791,39.532,335.791,20,3,0,0,1,5,0,0,LL./LP./...
connected,3,3,9,20,355.791,39.532,335.791,20,3,0,0,1,5,0,0,LL./LP./...
connected,3,4,12,1,633.302,52.775,593.302,40,4,0,0,2,6,0,0,.LP/.LL/.PL/...
connected,3,4,12,2,633.302,52.775,593.302,40,4,0,0,2,6,0,0,.LL/.PL/.../.LP
connected,3,4,12,3,633.302,52.775,593.302,40,4,0,0,2,6,0,0,.PL/.../.LP/.LL
connected,3,4,12,4,633.302,52.775,593.302,40,4,0,0,2,6,0,0,P.L/L.L/L.P/...
connected,3,4,12,5,633.302,52.775,593.302,40,4,0,0,2,6,0,0,.LP/.../.PL/.LL
connected,3,4,12,6,633.302,52.775,593.302,40,4,0,0,2,6,0,0,.../L.P/L.L/P.L
connected,3,4,12,7,633.302,52.775,593.302,40,4,0,0,2,6,0,0,P.L/.../L.P/L.L
connected,3,4,12,8,633.302,52.775,593.302,40,4,0,0,2,6,0,0,.../.LP/.LL/.PL
connected,3,4,12,9,633.302,52.775,593.302,40,4,0,0,2,6,0,0,.../.LP/.LL/.PL
connected,3,4,12,10,633.302,52.775,593.302,40,4,0,0,2,6,0,0,L.L/P.L/.../L.P
connected,3,4,12,11,633.302,52.775,593.302,40,4,0,0,2,6,0,0,LL./LP./.../PL.
connected,3,4,12,12,633.302,52.775,593.302,40,4,0,0,2,6,0,0,L.L/L.P/.../P.L
connected,3,4,12,13,633.302,52.775,593.302,40,4,0,0,2,6,0,0,.../.LP/.LL/.PL
connected,3,4,12,14,633.302,52.775,593.302,40,4,0,0,2,6,0,0,P.L/.../L.P/L.L
connected,3,4,12,15,633.302,52.775,593.302,40,4,0,0,2,6,0,0,.../.LP/.LL/.PL
connected,3,4,12,16,633.302,52.775,593.302,40,4,0,0,2,6,0,0,.../P.L/L.L/L.P
connected,3,4,12,17,633.302,52.775,593.302,40,4,0,0,2,6,0,0,L.L/P.L/.../L.P
connected,3,4,12,18,633.302,52.775,593.302,40,4,0,0,2,6,0,0,L.P/L.L/P.L/...
connected,3,4,12,19,633.302,52.775,593.302,40,4,0,0,2,6,0,0,LL./LP./.../PL.
connected,3,4,12,20,633.302,52.775,593.302,40,4,0,0,2,6,0,0,.../PL./LL./LP.
connected,3,5,15,1,837.061,55.804,797.061,40,6,0,0,2,7,0,0,.../P.L/L.L/L.L/L.P
connected,3,5,15,2,837.061,55.804,797.061,40,6,0,0,2,7,0,0,.LL/.LL/.PL/.../.LP
connected,3,5,15,3,837.061,55.804,797.061,40,6,0,0,2,7,0,0,LL./LL./LP./.../PL.
connected,3,5,15,4,837.061,55.804,797.061,40,6,0,0,2,7,0,0,L.L/L.L/L.P/.../P.L
connected,3,5,15,5,837.061,55.804,797.061,40,6,0,0,2,7,0,0,LP./LL./LL./PL./...
connected,3,5,15,6,837.061,55.804,797.061,40,6,0,0,2,7,0,0,.LL/.PL/.../.LP/.LL
connected,3,5,15,7,837.061,55.804,797.061,40,6,0,0,2,7,0,0,LP./LL./LL./PL./...
connected,3,5,15,8,837.061,55.804,797.061,40,6,0,0,2,7,0,0,PL./LL./LL./LP./...
connected,3,5,15,9,837.061,55.804,797.061,40,6,0,0,2,7,0,0,P.L/.../L.P/L.L/L.L
connected,3,5,15,10,837.061,55.804,797.061,40,6,0,0,2,7,0,0,L.P/L.L/L.L/P.L/...
connected,3,5,15,11,837.061,55.804,797.061,40,6,0,0,2,7,0,0,LL./PL./.../LP./LL.
connected,3,5,15,12,837.061,55.804,797.061,40,6,0,0,2,7,0,0,.../.PL/.LL/.LL/.LP
connected,3,5,15,13,837.061,55.804,797.061,40,6,0,0,2,7,0,0,.../PL./LL./LL./LP.
connected,3,5,15,14,837.061,55.804,797.061,40,6,0,0,2,7,0,0,.LL/.LL/.LP/.../.PL
connected,3,5,15,15,837.061,55.804,797.061,40,6,0,0,2,7,0,0,L.L/L.L/P.L/.../L.P
connected,3,5,15,16,837.061,55.804,797.061,40,6,0,0,2,7,0,0,P.L/.../L.P/L.L/L.L
connected,3,5,15,17,837.061,55.804,797.061,40,6,0,0,2,7,0,0,.../LP./LL./LL./PL.
connected,3,5,15,18,837.061,55.804,797.061,40,6,0,0,2,7,0,0,.LL/.LP/.../.PL/.LL
connected,3,5,15,19,837.061,55.804,797.061,40,6,0,0,2,7,0,0,.PL/.../.LP/.LL/.LL
connected,3,5,15,20,837.061,55.804,797.061,40,6,0,0,2,7,0,0,LP./LL./LL./PL./...
connected,3,6,18,1,1062.966,59.054,1002.966,60,7,0,0,3,8,0,0,LP./.../PL./LL./LP./LL.
connected,3,6,18,2,1062.966,59.054,1002.966,60,7,0,0,3,8,0,0,PL./LL./PL./LL./LP./...
connected,3,6,18,3,1062.966,59.054,1002.966,60,7,0,0,3,8,0,0,.../L.P/L.L/L.P/L.L/P.L
connected,3,6,18,4,1062.966,59.054,1002.966,60,7,0,0,3,8,0,0,P.L/L.L/L.P/.../P.L/L.L
connected,3,6,18,5,1062.966,59.054,1002.966,60,7,0,0,3,8,0,0,PL./LL./LP./.../PL./LL.
connected,3,6,18,6,1062.966,59.054,1002.966,60,7,0,0,3,8,0,0,.PL/.LL/.LP/.../.PL/.LL
connected,3,6,18,7,1062.966,59.054,1002.966,60,7,0,0,3,8,0,0,LL./LP./LL./LP./.../PL.
connected,3,6,18,8,1062.966,59.054,1002.966,60,7,0,0,3,8,0,0,.../P.L/L.L/P.L/L.L/L.P
connected,3,6,18,9,1062.966,59.054,1002.966,60,7,0,0,3,8,0,0,L.L/L.P/.../P.L/L.L/L.P
connected,3,6,18,10,1062.966,59.054,1002.966,60,7,0,0,3,8,0,0,PL./LL./LP./.../PL./LL.
connected,3,6,18,11,1062.966,59.054,1002.966,60,7,0,0,3,8,0,0,.LL/.PL/.LL/.PL/.../.LP
connected,3,6,18,12,1062.966,59.054,1002.966,60,7,0,0,3,8,0,0,.../.PL/.LL/.LP/.LL/.LP
connected,3,6,18,13,1062.966,59.054,1002.966,60,7,0,0,3,8,0,0,.../.PL/.LL/.PL/.LL/.LP
connected,3,6,18,14,1062.966,59.054,1002.966,60,7,0,0,3,8,0,0,P.L/L.L/L.P/.../P.L/L.L
connected,3,6,18,15,1062.966,59.054,1002.966,60,7,0,0,3,8,0,0,.../.PL/.LL/.LP/.LL/.LP
connected,3,6,18,16,1062.966,59.054,1002.966,60,7,0,0,3,8,0,0,LP./.../PL./LL./PL./LL.
connected,3,6,18,17,1062.966,59.054,1002.966,60,7,0,0,3,8,0,0,.../LP./LL./LP./LL./PL.
connected,3,6,18,18,1062.966,59.054,1002.966,60,7,0,0,3,8,0,0,LL./LP./.../PL./LL./PL.
connected,3,6,18,19,1062.966,59.054,1002.966,60,7,0,0,3,8,0,0,PL./LL./LP./.../PL./LL.
connected,3,6,18,20,1062.966,59.054,1002.966,60,7,0,0,3,8,0,0,L.L/P.L/.../L.P/L.L/L.P
connected,3,7,21,1,1229.539,58.549,1169.539,60,9,0,0,3,9,0,0,LL./LP./LL./LP./LL./LP./...
connected,3,7,21,2,1229.539,58.549,1169.539,60,9,0,0,3,9,0,0,LL./LP./LL./LP./LL./LP./...
connected,3,7,21,3,1229.539,58.549,1169.539,60,9,0,0,3,9,0,0,LL./LP./LL./LP./LL./LP./...
connected,3,7,21,4,1229.539,58.549,1169.539,60,9,0,0,3,9,0,0,LL./LP./LL./LP./LL./LP./...
connected,3,7,21,5,1229.539,58.549,1169.539,60,9,0,0,3,9,0,0,LL./LP./LL./LP./LL./LP./...
connected,3,7,21,6,1229.539,58.549,1169.539,60,9,0,0,3,9,0,0,LL./LP./LL./LP./LL./LP./...
connected,3,7,21,7,1229.539,58.549,1169.539,60,9,0,0,3,9,0,0,LL./LP./LL./LP./LL./LP./...
connected,3,7,21,8,1229.539,58.549,1169.539,60,9,0,0,3,9,0,0,LL./LP./LL./LP./LL./LP./...
connected,3,7,21,9,1229.539,58.549,1169.539,60,9,0,0,3,9,0,0,LL./LP./LL./LP./LL./LP./...
connected,3,7,21,10,1229.539,58.549,1169.539,60,9,0,0,3,9,0,0,LL./LP./LL./LP./LL./LP./...
connected,3,7,21,11,1229.539,58.549,1169.539,60,9,0,0,3,9,0,0,LL./LP./LL./LP./LL./LP./...
connected,3,7,21,12,1229.539,58.549,1169.539,60,9,0,0,3,9,0,0,LL./LP./LL./LP./LL./LP./...
connected,3,7,21,13,1229.539,58.549,1169.539,60,9,0,0,3,9,0,0,LL./LP./LL./LP./LL./LP./...
connected,3,7,21,14,1229.539,58.549,1169.539,60,9,0,0,3,9,0,0,LL./LP./LL./LP./LL./LP./...
connected,3,7,21,15,1229.539,58.549,1169.539,60,9,0,0,3,9,0,0,LL./LP./LL./LP./LL./LP./...
connected,3,7,21,16,1229.539,58.549,1169.539,60,9,0,0,3,9,0,0,LL./LP./LL./LP./LL./LP./...
connected,3,7,21,17,1229.539,58.549,1169.539,60,9,0,0,3,9,0,0,LL./LP./LL./LP./LL./LP./...
connected,3,7,21,18,1229.539,58.549,1169.539,60,9,0,0,3,9,0,0,LL./LP./LL./LP./LL./LP./...
connected,3,7,21,19,1229.539,58.549,1169.539,60,9,0,0,3,9,0,0,LL./LP./LL./LP./LL./LP./...
connected,3,7,21,20,1229.539,58.549,1169.539,60,9,0,0,3,9,0,0,LL./LP./LL./LP./LL./LP./...
connected,4,2,8,1,266.969,33.371,246.969,20,2,0,0,1,5,0,0,L.PL/....
connected,4,2,8,2,266.969,33.371,246.969,20,2,0,0,1,5,0,0,LLP./....
connected,4,2,8,3,266.969,33.371,246.969,20,2,0,0,1,5,0,0,..../LLP.
connected,4,2,8,4,266.969,33.371,246.969,20,2,0,0,1,5,0,0,LP.L/....
connected,4,2,8,5,266.969,33.371,246.969,20,2,0,0,1,5,0,0,LLP./....
connected,4,2,8,6,266.969,33.371,246.969,20,2,0,0,1,5,0,0,PLL./....
connected,4,2,8,7,266.969,33.371,246.969,20,2,0,0,1,5,0,0,LL.P/....
connected,4,2,8,8,266.969,33.371,246.969,20,2,0,0,1,5,0,0,LLP./....
connected,4,2,8,9,266.969,33.371,246.969,20,2,0,0,1,5,0,0,LLP./....
connected,4,2,8,10,266.969,33.371,246.969,20,2,0,0,1,5,0,0,PLL./....
connected,4,2,8,11,266.969,33.371,246.969,20,2,0,0,1,5,0,0,.PLL/....
connected,4,2,8,12,266.969,33.371,246.969,20,2,0,0,1,5,0,0,PLL./....
connected,4,2,8,13,266.969,33.371,246.969,20,2,0,0,1,5,0,0,PLL./....
connected,4,2,8,14,266.969,33.371,246.969,20,2,0,0,1,5,0,0,LLP./....
connected,4,2,8,15,266.969,33.371,246.969,20,2,0,0,1,5,0,0,LLP./....
connected,4,2,8,16,266.969,33.371,246.969,20,2,0,0,1,5,0,0,LLP./....
connected,4,2,8,17,266.969,33.371,246.969,20,2,0,0,1,5,0,0,PLL./....
connected,4,2,8,18,266.969,33.371,246.969,20,2,0,0,1,5,0,0,PLL./....
connected,4,2,8,19,266.969,33.371,246.969,20,2,0,0,1,5,0,0,.LLP/....
connected,4,2,8,20,266.969,33.371,246.969,20,2,0,0,1,5,0,0,..../LLP.
connected,4,3,12,1,633.302,52.775,593.302,40,4,0,0,2,6,0,0,LLP./PLL./....
connected,4,3,12,2,633.302,52.775,593.302,40,4,0,0,2,6,0,0,P.LL/L.PL/....
connected,4,3,12,3,633.302,52.775,593.302,40,4,0,0,2,6,0,0,..../LP.L/LL.P
connected,4,3,12,4,633.302,52.775,593.302,40,4,0,0,2,6,0,0,LLP./PLL./....
connected,4,3,12,5,633.302,52.775,593.302,40,4,0,0,2,6,0,0,.LLP/..../.PLL
connected,4,3,12,6,633.302,52.775,593.302,40,4,0,0,2,6,0,0,.PLL/.LLP/....
connected,4,3,12,7,633.302,52.775,593.302,40,4,0,0,2,6,0,0,L.PL/..../P.LL
connected,4,3,12,8,633.302,52.775,593.302,40,4,0,0,2,6,0,0,LLP./PLL./....
connected,4,3,12,9,633.302,52.775,593.302,40,4,0,0,2,6,0,0,..../LLP./PLL.
connected,4,3,12,10,633.302,52.775,593.302,40,4,0,0,2,6,0,0,PLL./LLP./....
connected,4,3,12,11,633.302,52.775,593.302,40,4,0,0,2,6,0,0,.PLL/..../.LLP
connected,4,3,12,12,633.302,52.775,593.302,40,4,0,0,2,6,0,0,..../.LLP/.PLL
connected,4,3,12,13,633.302,52.775,593.302,40,4,0,0,2,6,0,0,PLL./LLP./....
connected,4,3,12,14,633.302,52.775,593.302,40,4,0,0,2,6,0,0,.LLP/..../.PLL
connected,4,3,12,15,633.302,52.775,593.302,40,4,0,0,2,6,0,0,..../LLP./PLL.
connected,4,3,12,16,633.302,52.775,593.302,40,4,0,0,2,6,0,0,.PLL/.LLP/....
connected,4,3,12,17,633.302,52.775,593.302,40,4,0,0,2,6,0,0,..../LL.P/LP.L
connected,4,3,12,18,633.302,52.775,593.302,40,4,0,0,2,6,0,0,P.LL/L.PL/....
connected,4,3,12,19,633.302,52.775,593.302,40,4,0,0,2,6,0,0,LLP./PLL./....
connected,4,3,12,20,633.302,52.775,593.302,40,4,0,0,2,6,0,0,LP.L/..../LL.P
connected,4,4,16,1,813.281,50.830,753.281,60,5,0,0,3,8,0,0,P.../..P./LLL./LLP.
connected,4,4,16,2,813.281,50.830,753.281,60,5,0,0,3,8,0,0,LP.L/LL.L/.P.P/....
connected,4,4,16,3,813.281,50.830,753.281,60,5,0,0,3,8,0,0,..../P.PL/..LL/P.LL
connected,4,4,16,4,813.281,50.830,753.281,60,5,0,0,3,8,0,0,LL.L/.P.P/..../LP.L
connected,4,4,16,5,813.281,50.830,753.281,60,5,0,0,3,8,0,0,PLP./LL../LLP./....
connected,4,4,16,6,813.281,50.830,753.281,60,5,0,0,3,8,0,0,..../.PLP/.LL./PLL.
connected,4,4,16,7,813.281,50.830,753.281,60,5,0,0,3,8,0,0,PLP./LLL./.LP./....
connected,4,4,16,8,813.281,50.830,753.281,60,5,0,0,3,8,0,0,.PLP/..../PLL./.LL.
connected,4,4,16,9,813.281,50.830,753.281,60,5,0,0,3,8,0,0,PLP./LLL./.LP./....
connected,4,4,16,10,813.281,50.830,753.281,60,5,0,0,3,8,0,0,P.P./LLL./PLL./....
connected,4,4,16,11,813.281,50.830,753.281,60,5,0,0,3,8,0,0,L.PL/L..L/P.PL/....
connected,4,4,16,12,813.281,50.830,753.281,60,5,0,0,3,8,0,0,.LLP/.LL./PLP./....
connected,4,4,16,13,813.281,50.830,753.281,60,5,0,0,3,8,0,0,L.LL/P.P./..../L.PL
connected,4,4,16,14,813.281,50.830,753.281,60,5,0,0,3,8,0,0,PLP./..../LLP./LL..
connected,4,4,16,15,813.281,50.830,753.281,60,5,0,0,3,8,0,0,..../P.PL/L..L/PL.L
connected,4,4,16,16,813.281,50.830,753.281,60,5,0,0,3,8,0,0,.LL./PLP./..../.LPL
connected,4,4,16,17,813.281,50.830,753.281,60,5,0,0,3,8,0,0,L.LL/P.PL/..../P..L
connected,4,4,16,18,813.281,50.830,753.281,60,5,0,0,3,8,0,0,LP.P/LL.L/LP../....
connected,4,4,16,19,813.281,50.830,753.281,60,5,0,0,3,8,0,0,LLL./LLP./..../P.P.
connected,4,4,16,20,813.281,50.830,753.281,60,5,0,0,3,8,0,0,PLP./LLL./.LP./....
connected,4,5,20,1,1194.710,59.735,1134.710,60,8,0,0,3,9,0,0,.LL./.LLL/.LLP/..../PLP.
connected,4,5,20,2,1194.710,59.735,1134.710,60,8,0,0,3,9,0,0,..../PLP./LL../LL.L/LL.P
connected,4,5,20,3,1194.710,59.735,1134.710,60,8,0,0,3,9,0,0,..../P.PL/..LL/.LLL/.PLL
connected,4,5,20,4,1194.710,59.735,1134.710,60,8,0,0,3,9,0,0,LLL./LL../LP.P/..../LLP.
connected,4,5,20,5,1194.710,59.735,1134.710,60,8,0,0,3,9,0,0,P.PL/L..L/LL.L/LP.L/....
connected,4,5,20,6,1194.710,59.735,1134.710,60,8,0,0,3,9,0,0,..../.PLP/.LL./LLL./PLL.
connected,4,5,20,7,1194.710,59.735,1134.710,60,8,0,0,3,9,0,0,LL../LLL./LLP./..../LP.P
connected,4,5,20,8,1194.710,59.735,1134.710,60,8,0,0,3,9,0,0,.PLL/..../P.PL/..LL/.LLL
connected,4,5,20,9,1194.710,59.735,1134.710,60,8,0,0,3,9,0,0,P.PL/..../LP.L/LL.L/L..L
connected,4,5,20,10,1194.710,59.735,1134.710,60,8,0,0,3,9,0,0,P.PL/..../.PLL/.LLL/..LL
connected,4,5,20,11,1194.710,59.735,1134.710,60,8,0,0,3,9,0,0,PLP./.LL./.LLL/.LLP/....
connected,4,5,20,12,1194.710,59.735,1134.710,60,8,0,0,3,9,0,0,LLL./.LL./.PLP/..../PLL.
connected,4,5,20,13,1194.710,59.735,1134.710,60,8,0,0,3,9,0,0,LL.L/LP.L/..../P.PL/L..L
connected,4,5,20,14,1194.710,59.735,1134.710,60,8,0,0,3,9,0,0,.PLP/..LL/L.LL/P.LL/....
connected,4,5,20,15,1194.710,59.735,1134.710,60,8,0,0,3,9,0,0,..../LP.P/L..L/L.LL/L.PL
connected,4,5,20,16,1194.710,59.735,1134.710,60,8,0,0,3,9,0,0,L..L/LP.P/..../L.PL/L.LL
connected,4,5,20,17,1194.710,59.735,1134.710,60,8,0,0,3,9,0,0,LL../LP.P/..../LLP./LLL.
connected,4,5,20,18,1194.710,59.735,1134.710,60,8,0,0,3,9,0,0,.LLL/..LL/P.PL/..../.PLL
connected,4,5,20,19,1194.710,59.735,1134.710,60,8,0,0,3,9,0,0,LLL./.LL./.PLP/..../PLL.
connected,4,5,20,20,1194.710,59.735,1134.710,60,8,0,0,3,9,0,0,LP.L/LL.L/L..L/P.PL/....
connected,4,6,24,1,1525.265,63.553,1445.265,80,10,0,0,4,10,0,0,..../LP.P/LL.L/LL../LLL./PLP.
connected,4,6,24,2,1543.902,64.329,1443.902,100,9,0,0,5,10,0,0,.LLL/.PLP/..../.PLP/.LLL/.PL.
connected,4,6,24,3,1543.902,64.329,1443.902,100,9,0,0,5,10,0,0,.LLL/.PLP/..../.PLP/.LLL/..LP
connected,4,6,24,4,1525.265,63.553,1445.265,80,10,0,0,4,10,0,0,L..L/L.LL/P.PL/..../LP.P/LL.L
connected,4,6,24,5,1543.902,64.329,1443.902,100,9,0,0,5,10,0,0,L.LL/P.PL/..../P.PL/L.LL/..PL
connected,4,6,24,6,1525.265,63.553,1445.265,80,10,0,0,4,10,0,0,P.PL/L.LL/L..L/LL.L/LP.P/....
connected,4,6,24,7,1543.902,64.329,1443.902,100,9,0,0,5,10,0,0,P.PL/..../P.PL/L.LL/..PL/L.LL
connected,4,6,24,8,1543.902,64.329,1443.902,100,9,0,0,5,10,0,0,LL.L/LP../LL.L/LP.P/..../LP.P
connected,4,6,24,9,1525.265,63.553,1445.265,80,10,0,0,4,10,0,0,PLP./.LL./.PLP/.LLL/..../LLL.
connected,4,6,24,10,1543.902,64.329,1443.902,100,9,0,0,5,10,0,0,LL.L/LP.P/..../LP.P/LL.L/L..P
connected,4,6,24,11,1525.265,63.553,1445.265,80,10,0,0,4,10,0,0,..../.LLL/.PLP/..LL/P.PL/L.LL
connected,4,6,24,12,1525.265,63.553,1445.265,80,10,0,0,4,10,0,0,P.PL/..../.PLP/.LLL/..LL/L.LL
connected,4,6,24,13,1543.902,64.329,1443.902,100,9,0,0,5,10,0,0,P..L/L.LL/P.PL/..../P.PL/L.LL
connected,4,6,24,14,1543.902,64.329,1443.902,100,9,0,0,5,10,0,0,..PL/L.LL/P.PL/..../P.PL/L.LL
connected,4,6,24,15,1525.265,63.553,1445.265,80,10,0,0,4,10,0,0,L.LL/P.PL/..../LP.P/LL.L/L..L
connected,4,6,24,16,1525.265,63.553,1445.265,80,10,0,0,4,10,0,0,..LL/.LLL/.PLP/..../P.PL/L.LL
connected,4,6,24,17,1525.265,63.553,1445.265,80,10,0,0,4,10,0,0,L.LL/P.PL/..LL/.PLP/.LLL/....
connected,4,6,24,18,1525.265,63.553,1445.265,80,10,0,0,4,10,0,0,LL.L/LP.P/..../PLP./LLL./LL..
connected,4,6,24,19,1543.902,64.329,1443.902,100,9,0,0,5,10,0,0,PLP./LLL./.LP./LLL./PLP./....
connected,4,6,24,20,1543.902,64.329,1443.902,100,9,0,0,5,10,0,0,L..P/LL.L/LP.P/..../LP.P/LL.L
connected,4,7,28,1,1738.285,62.082,1638.285,100,11,0,0,5,12,0,0,LP.P/L..L/L.LP/L.LL/..LL/.PLP/....
connected,4,7,28,2,1753.436,62.623,1653.436,100,11,0,0,5,12,0,0,L.LL/L..P/LP.L/LL.P/LP../..../L.LP
connected,4,7,28,3,1742.011,62.215,1642.011,100,11,0,0,5,12,0,0,L.PL/P..L/L.PL/P.LL/..../.PLL/..LL
connected,4,7,28,4,1753.436,62.623,1653.436,100,11,0,0,5,12,0,0,L.PL/P..L/..PL/.LLL/.LPL/..../P.LL
connected,4,7,28,5,1753.436,62.623,1653.436,100,11,0,0,5,12,0,0,PLP./.LL./PLP./..../LL.L/PL.L/LL..
connected,4,7,28,6,1753.436,62.623,1653.436,100,11,0,0,5,12,0,0,..../PL.L/LL.L/PL../LLP./PLL./.LP.
connected,4,7,28,7,1753.436,62.623,1653.436,100,11,0,0,5,12,0,0,PL.L/..../..PL/P.LL/L.PL/P..L/LL.L
connected,4,7,28,8,1753.436,62.623,1653.436,100,11,0,0,5,12,0,0,LP.L/L..P/L.LL/L.LP/..../LP.P/LL..
connected,4,7,28,9,1753.436,62.623,1653.436,100,11,0,0,5,12,0,0,LPL./..../LP.P/LL.L/L..P/LP../LLL.
connected,4,7,28,10,1753.436,62.623,1653.436,100,11,0,0,5,12,0,0,LP../LL.P/LP.L/..../L.LP/L.LL/L..P
connected,4,7,28,11,1753.436,62.623,1653.436,100,11,0,0,5,12,0,0,.PLP/..LL/.LLP/.PL./LLL./LPL./....
connected,4,7,28,12,1753.436,62.623,1653.436,100,11,0,0,5,12,0,0,.LLL/.LPL/..../PLP./LL../PLP./.LL.
connected,4,7,28,13,1753.436,62.623,1653.436,100,11,0,0,5,12,0,0,..LL/P.PL/..../PL.L/LL.L/P..L/L.PL
connected,4,7,28,14,1753.436,62.623,1653.436,100,11,0,0,5,12,0,0,PLL./.LP./.LLL/.LPL/..../PLP./LL..
connected,4,7,28,15,1753.436,62.623,1653.436,100,11,0,0,5,12,0,0,LPL./LLL./LP../LL.P/LP.L/L..P/....
connected,4,7,28,16,1753.436,62.623,1653.436,100,11,0,0,5,12,0,0,L.PL/P.LL/..../.LPL/.LLL/..PL/P..L
connected,4,7,28,17,1753.436,62.623,1653.436,100,11,0,0,5,12,0,0,.LPL/..../P.PL/L..L/P.LL/..PL/.LLL
connected,4,7,28,18,1753.436,62.623,1653.436,100,11,0,0,5,12,0,0,P..L/LL.L/PL.L/..../P.PL/..LL/L.PL
connected,4,7,28,19,1746.995,62.393,1646.995,100,11,0,0,5,12,0,0,LLP./PLL./.LP./..../LL.P/LL.L/PL..
connected,4,7,28,20,1753.436,62.623,1653.436,100,11,0,0,5,12,0,0,LP../..../L.LP/L.LL/L..P/LP.L/LL.P
connected,5,2,10,1,325.755,32.575,285.755,40,2,0,0,2,6,0,0,PLLP./.....
connected,5,2,10,2,325.755,32.575,285.755,40,2,0,0,2,6,0,0,...../LLP.P
connected,5,2,10,3,325.755,32.575,285.755,40,2,0,0,2,6,0,0,...../LLP.P
connected,5,2,10,4,325.755,32.575,285.755,40,2,0,0,2,6,0,0,...../LLP.P
connected,5,2,10,5,325.755,32.575,285.755,40,2,0,0,2,6,0,0,.PLLP/.....
connected,5,2,10,6,325.755,32.575,285.755,40,2,0,0,2,6,0,0,LP.PL/.....
connected,5,2,10,7,325.755,32.575,285.755,40,2,0,0,2,6,0,0,...../P.PLL
connected,5,2,10,8,325.755,32.575,285.755,40,2,0,0,2,6,0,0,...../LP.PL
connected,5,2,10,9,325.755,32.575,285.755,40,2,0,0,2,6,0,0,...../LLP.P
connected,5,2,10,10,325.755,32.575,285.755,40,2,0,0,2,6,0,0,PLLP./.....
connected,5,2,10,11,325.755,32.575,285.755,40,2,0,0,2,6,0,0,PLLP./.....
connected,5,2,10,12,325.755,32.575,285.755,40,2,0,0,2,6,0,0,P.PLL/.....
connected,5,2,10,13,325.755,32.575,285.755,40,2,0,0,2,6,0,0,P.PLL/.....
connected,5,2,10,14,325.755,32.575,285.755,40,2,0,0,2,6,0,0,P.PLL/.....
connected,5,2,10,15,325.755,32.575,285.755,40,2,0,0,2,6,0,0,LP.PL/.....
connected,5,2,10,16,325.755,32.575,285.755,40,2,0,0,2,6,0,0,LP.PL/.....
connected,5,2,10,17,325.755,32.575,285.755,40,2,0,0,2,6,0,0,...../LP.PL
connected,5,2,10,18,325.755,32.575,285.755,40,2,0,0,2,6,0,0,LP.PL/.....
connected,5,2,10,19,325.755,32.575,285.755,40,2,0,0,2,6,0,0,...../LP.PL
connected,5,2,10,20,325.755,32.575,285.755,40,2,0,0,2,6,0,0,P.PLL/.....
connected,5,3,15,1,837.061,55.804,797.061,40,6,0,0,2,7,0,0,...../LLL.P/LLP.L
connected,5,3,15,2,837.061,55.804,797.061,40,6,0,0,2,7,0,0,...../L.PLL/P.LLL
connected,5,3,15,3,837.061,55.804,797.061,40,6,0,0,2,7,0,0,...../LP.LL/LL.PL
connected,5,3,15,4,837.061,55.804,797.061,40,6,0,0,2,7,0,0,...../.LLLP/.PLLL
connected,5,3,15,5,837.061,55.804,797.061,40,6,0,0,2,7,0,0,...../L.PLL/P.LLL
connected,5,3,15,6,837.061,55.804,797.061,40,6,0,0,2,7,0,0,...../PLLL./LLLP.
connected,5,3,15,7,837.061,55.804,797.061,40,6,0,0,2,7,0,0,...../LL.PL/LP.LL
connected,5,3,15,8,837.061,55.804,797.061,40,6,0,0,2,7,0,0,...../.LLLP/.PLLL
connected,5,3,15,9,837.061,55.804,797.061,40,6,0,0,2,7,0,0,...../LL.PL/LP.LL
connected,5,3,15,10,837.061,55.804,797.061,40,6,0,0,2,7,0,0,LLLP./PLLL./.....
connected,5,3,15,11,837.061,55.804,797.061,40,6,0,0,2,7,0,0,LP.LL/...../LL.PL
connected,5,3,15,12,837.061,55.804,797.061,40,6,0,0,2,7,0,0,L.PLL/P.LLL/.....
connected,5,3,15,13,837.061,55.804,797.061,40,6,0,0,2,7,0,0,...../.PLLL/.LLLP
connected,5,3,15,14,837.061,55.804,797.061,40,6,0,0,2,7,0,0,P.LLL/L.PLL/.....
connected,5,3,15,15,837.061,55.804,797.061,40,6,0,0,2,7,0,0,PLLL./LLLP./.....
connected,5,3,15,16,837.061,55.804,797.061,40,6,0,0,2,7,0,0,...../LLLP./PLLL.
connected,5,3,15,17,837.061,55.804,797.061,40,6,0,0,2,7,0,0,LLP.L/...../LLL.P
connected,5,3,15,18,837.061,55.804,797.061,40,6,0,0,2,7,0,0,...../.PLLL/.LLLP
connected,5,3,15,19,837.061,55.804,797.061,40,6,0,0,2,7,0,0,LLL.P/...../LLP.L
connected,5,3,15,20,837.061,55.804,797.061,40,6,0,0,2,7,0,0,L.PLL/P.LLL/.....
connected,5,4,20,1,1194.710,59.735,1134.710,60,8,0,0,3,9,0,0,...P./LL.LL/LL.PL/LP...
connected,5,4,20,2,1194.710,59.735,1134.710,60,8,0,0,3,9,0,0,L.LLL/P..../..PL./P.LLL
connected,5,4,20,3,1194.710,59.735,1134.710,60,8,0,0,3,9,0,0,LLL.L/....P/.LP../LLL.P
connected,5,4,20,4,1194.710,59.735,1134.710,60,8,0,0,3,9,0,0,LLL.L/LLP.L/L...P/..P..
connected,5,4,20,5,1194.710,59.735,1134.710,60,8,0,0,3,9,0,0,.LP../....P/LLL.L/LLL.P
connected,5,4,20,6,1194.710,59.735,1134.710,60,8,0,0,3,9,0,0,.LLLL/.P.../...LP/.PLLL
connected,5,4,20,7,1194.710,59.735,1134.710,60,8,0,0,3,9,0,0,.LLLP/.PL../....P/.LLLL
connected,5,4,20,8,1194.710,59.735,1134.710,60,8,0,0,3,9,0,0,PL.../LLLP./LLLL./...P.
connected,5,4,20,9,1194.710,59.735,1134.710,60,8,0,0,3,9,0,0,P..../L.LLL/P.LLL/..PL.
connected,5,4,20,10,1194.710,59.735,1134.710,60,8,0,0,3,9,0,0,LL.LL/.P.../...PL/LP.LL
connected,5,4,20,11,1194.710,59.735,1134.710,60,8,0,0,3,9,0,0,...PL/.P.../LL.LL/LP.LL
connected,5,4,20,12,1194.710,59.735,1134.710,60,8,0,0,3,9,0,0,LL.PL/LP.../...P./LL.LL
connected,5,4,20,13,1194.710,59.735,1134.710,60,8,0,0,3,9,0,0,P..../..PL./P.LLL/L.LLL
connected,5,4,20,14,1194.710,59.735,1134.710,60,8,0,0,3,9,0,0,..PL./P..../L.LLL/P.LLL
connected,5,4,20,15,1194.710,59.735,1134.710,60,8,0,0,3,9,0,0,PL.../LLLP./LLLL./...P.
connected,5,4,20,16,1194.710,59.735,1134.710,60,8,0,0,3,9,0,0,LLP.L/LLL.L/..P../L...P
connected,5,4,20,17,1194.710,59.735,1134.710,60,8,0,0,3,9,0,0,LP.LL/LL.LL/.P.../...PL
connected,5,4,20,18,1194.710,59.735,1134.710,60,8,0,0,3,9,0,0,..P../L.LLL/L.PLL/P...L
connected,5,4,20,19,1194.710,59.735,1134.710,60,8,0,0,3,9,0,0,P..../..LP./PLLL./LLLL.
connected,5,4,20,20,1194.710,59.735,1134.710,60,8,0,0,3,9,0,0,LLLL./PLLL./..LP./P....
connected,5,5,25,1,1508.775,60.351,1428.775,80,10,0,0,4,11,0,0,...../LP.PL/LL.LL/.L.LL/.P.PL
connected,5,5,25,2,1508.775,60.351,1428.775,80,10,0,0,4,11,0,0,.PLLP/...../.PLLP/.LL../.LLLL
connected,5,5,25,3,1508.775,60.351,1428.775,80,10,0,0,4,11,0,0,LP.PL/L..LL/LL..L/LP.PL/.....
connected,5,5,25,4,1508.775,60.351,1428.775,80,10,0,0,4,11,0,0,...../LP.PL/...LL/LL.LL/LP.PL
connected,5,5,25,5,1508.775,60.351,1428.775,80,10,0,0,4,11,0,0,...../.PLLP/.LLLL/.LL.L/.PL.P
connected,5,5,25,6,1508.775,60.351,1428.775,80,10,0,0,4,11,0,0,.LP.P/...../L.P.P/LLL.L/LLL.L
connected,5,5,25,7,1508.775,60.351,1428.775,80,10,0,0,4,11,0,0,LL.LL/LP.P./...../LP.P./LL.LL
connected,5,5,25,8,1508.775,60.351,1428.775,80,10,0,0,4,11,0,0,.LLL./.PLLP/...../.PLLP/..LLL
connected,5,5,25,9,1508.775,60.351,1428.775,80,10,0,0,4,11,0,0,LLL.L/L.P.P/...../L.P.P/LLL.L
connected,5,5,25,10,1508.775,60.351,1428.775,80,10,0,0,4,11,0,0,.PLLP/...../.PLLP/.LLLL/..LL.
connected,5,5,25,11,1508.775,60.351,1428.775,80,10,0,0,4,11,0,0,...../.PLLP/.LLLL/.L.LL/.P.LP
connected,5,5,25,12,1498.808,59.952,1418.808,80,10,0,0,4,11,0,0,LL..L/LLL../LLP.P/...../PL.PL
connected,5,5,25,13,1498.808,59.952,1418.808,80,10,0,0,4,11,0,0,LL.P./LP.LL/LL.LL/...PL/.P...
connected,5,5,25,14,1508.775,60.351,1428.775,80,10,0,0,4,11,0,0,.LP.P/.LL.L/LLL.L/LLP.P/.....
connected,5,5,25,15,1508.775,60.351,1428.775,80,10,0,0,4,11,0,0,..LLL/P.PLL/...../P.PLL/L..LL
connected,5,5,25,16,1508.775,60.351,1428.775,80,10,0,0,4,11,0,0,...../LLP.P/LLL../LL..L/LLP.P
connected,5,5,25,17,1498.808,59.952,1418.808,80,10,0,0,4,11,0,0,.LLL./LLL../LPL.P/...../PLLP.
connected,5,5,25,18,1508.775,60.351,1428.775,80,10,0,0,4,11,0,0,P.PLL/...../P.PL./L.LL./L.LLL
connected,5,5,25,19,1498.808,59.952,1418.808,80,10,0,0,4,11,0,0,..PL./L.LLL/P.LLL/L.P.L/P....
connected,5,5,25,20,1498.808,59.952,1418.808,80,10,0,0,4,11,0,0,..LP./LLLL./PLLL./LL.P./P....
connected,5,6,30,1,1929.095,64.303,1829.095,100,12,0,0,5,13,0,0,P.LP./L.LL./P..../LLLL./PLLP./..LL.
connected,5,6,30,2,1963.054,65.435,1863.054,100,13,0,0,5,12,0,0,PL.../LLL.L/LLP.P/...../PLLP./LLLL.
connected,5,6,30,3,1963.054,65.435,1863.054,100,13,0,0,5,12,0,0,LLP.P/...../LP.PL/LL.LL/LP.../LLL.L
connected,5,6,30,4,1933.069,64.436,1833.069,100,13,0,0,5,12,0,0,...../PL.PL/LL.LL/L...P/LLL.L/PLP.L
connected,5,6,30,5,1929.095,64.303,1829.095,100,12,0,0,5,13,0,0,....P/.LL.L/.LP.P/.LL../LLP.P/LLL.L
connected,5,6,30,6,1969.508,65.650,1869.508,100,13,0,0,5,12,0,0,LPLP./...../PL.PL/LL.LL/PL.../LLLL.
connected,5,6,30,7,1929.095,64.303,1829.095,100,12,0,0,5,13,0,0,.LP.P/.LL../LLP.P/LLL.L/....P/.LL.L
connected,5,6,30,8,2015.824,67.194,1915.824,100,13,0,0,5,12,0,0,PLLP./...../PLLP./LLLL./PL.../LLLL.
connected,5,6,30,9,1981.305,66.044,1881.305,100,13,0,0,5,12,0,0,LL.LL/LP.PL/...../LP.LP/LL.LL/LP...
connected,5,6,30,10,1929.095,64.303,1829.095,100,12,0,0,5,13,0,0,.LL../.LP.P/.LL.L/....P/LLL.L/LLP.P
connected,5,6,30,11,2015.824,67.194,1915.824,100,13,0,0,5,12,0,0,.LP../LLL.L/LLP.P/...../LLP.P/LLL.L
connected,5,6,30,12,1969.508,65.650,1869.508,100,13,0,0,5,12,0,0,PLP.L/...../L.PLP/L.LLL/L...P/LLL.L
connected,5,6,30,13,1963.054,65.435,1863.054,100,13,0,0,5,12,0,0,PL.../LLL.L/LLP.P/...../PLLP./LLLL.
connected,5,6,30,14,1929.095,64.303,1829.095,100,12,0,0,5,13,0,0,P.PLL/L.LLL/P..../L.LL./P.PL./..LL.
connected,5,6,30,15,1963.926,65.464,1883.926,80,14,0,0,4,12,0,0,.PLLP/..LL./.PLLP/.LLLL/...../.LLLL
connected,5,6,30,16,1929.095,64.303,1829.095,100,12,0,0,5,13,0,0,.PLLP/.LLLL/.P.../.L.LL/.P.LP/...LL
connected,5,6,30,17,2015.824,67.194,1915.824,100,13,0,0,5,12,0,0,.LLLL/.PLLP/...../.PLLP/.LLLL/...LP
connected,5,6,30,18,2015.824,67.194,1915.824,100,13,0,0,5,12,0,0,...../PLLP./LLLL./..LP./LLLL./PLLP.
connected,5,6,30,19,1958.521,65.284,1858.521,100,13,0,0,5,12,0,0,...../P.PLL/L.LLL/..PL./LLLL./LPLP.
connected,5,6,30,20,1929.095,64.303,1829.095,100,12,0,0,5,13,0,0,.L.LL/.P.../.LLLL/.PLLP/...LL/.P.LP
connected,5,7,35,1,2314.960,66.142,2174.960,140,14,0,0,7,14,0,0,...LP/.P.../LL.LP/LP.LL/...PL/P.LLL/L.PLL
connected,5,7,35,2,2346.719,67.049,2206.719,140,14,0,0,7,14,0,0,P.LLL/L.PLL/...LP/.P.../.LLLP/.PLLL/...PL
connected,5,7,35,3,2263.162,64.662,2143.162,120,15,0,0,6,14,0,0,.PL.P/.LLLL/.PLLP/.LL../.LLLP/.PLLL/.....
connected,5,7,35,4,2263.162,64.662,2143.162,120,15,0,0,6,14,0,0,PLLP./...../PLLP./LLLL./PL.P./LL.../LLLL.
connected,5,7,35,5,2233.260,63.807,2113.260,120,15,0,0,6,14,0,0,LLL.L/.P.../...PL/P.LLL/L.PLL/L...L/LLP.P
connected,5,7,35,6,2224.376,63.554,2104.376,120,15,0,0,6,14,0,0,...LL/LP.LP/LL.LL/....P/.PL../.LLLL/.PLLP
connected,5,7,35,7,2263.162,64.662,2143.162,120,15,0,0,6,14,0,0,P.LL./...../P.PLL/L.LLL/..PL./P.LLL/L.PLL
connected,5,7,35,8,2238.244,63.950,2118.244,120,15,0,0,6,14,0,0,...../LLL.L/LLP.P/LL.../PL.P./LLLL./LPLP.
connected,5,7,35,9,2263.162,64.662,2143.162,120,15,0,0,6,14,0,0,.LLLL/.PLLP/...../.L.LP/.PLLL/.LLLP/.PL..
connected,5,7,35,10,2346.719,67.049,2206.719,140,14,0,0,7,14,0,0,PLLL./.LP../.LLLP/.PLLL/...LP/.P.../LLLP.
connected,5,7,35,11,2346.719,67.049,2206.719,140,14,0,0,7,14,0,0,.PL../LLLP./PLLL./...P./PL.../LLP.L/LLL.P
connected,5,7,35,12,2263.162,64.662,2143.162,120,15,0,0,6,14,0,0,LLL.L/LLP.P/.LL../LLP.P/LLL.L/...../.LP.P
connected,5,7,35,13,2238.244,63.950,2118.244,120,15,0,0,6,14,0,0,L.P.P/LLL.L/LLP.L/P...L/LL.LL/LP.PL/.....
connected,5,7,35,14,2346.719,67.049,2206.719,140,14,0,0,7,14,0,0,...PL/LP.LL/LL.PL/.P.../...LP/L.PLL/P.LLL
connected,5,7,35,15,2346.719,67.049,2206.719,140,14,0,0,7,14,0,0,..LP./.PLLL/.LLLP/..PL./PLLL./LLLP./P....
connected,5,7,35,16,2263.162,64.662,2143.162,120,15,0,0,6,14,0,0,.LLLL/.PLLP/...../.LLLP/.PLLL/...LP/.P.LL
connected,5,7,35,17,2224.376,63.554,2104.376,120,15,0,0,6,14,0,0,L.P.P/...../LLL.P/LLP.L/L...L/L.PLP/L.LLL
connected,5,7,35,18,2330.839,66.595,2190.839,140,14,0,0,7,14,0,0,.PLLL/.LLLP/..PL./P..../LL.PL/LP.LL/...LP
connected,5,7,35,19,2263.162,64.662,2143.162,120,15,0,0,6,14,0,0,LLL.L/..P../L...P/LLP.L/LLL.P/.LL../LLP.P
connected,5,7,35,20,2263.162,64.662,2143.162,120,15,0,0,6,14,0,0,P.P.L/L.LLL/P.PLL/L...L/L.PLL/P.LLL/.....
connected,6,2,12,1,449.239,37.437,409.239,40,3,0,0,2,7,0,0,....../LPL.LP
connected,6,2,12,2,449.239,37.437,409.239,40,3,0,0,2,7,0,0,....../LPL.LP
connected,6,2,12,3,449.239,37.437,409.239,40,3,0,0,2,7,0,0,....../LPL.LP
connected,6,2,12,4,449.239,37.437,409.239,40,3,0,0,2,7,0,0,....../LPL.LP
connected,6,2,12,5,449.239,37.437,409.239,40,3,0,0,2,7,0,0,....../LPL.LP
connected,6,2,12,6,449.239,37.437,409.239,40,3,0,0,2,7,0,0,....../LPL.LP
connected,6,2,12,7,449.239,37.437,409.239,40,3,0,0,2,7,0,0,....../LPL.LP
connected,6,2,12,8,449.239,37.437,409.239,40,3,0,0,2,7,0,0,....../LPL.LP
connected,6,2,12,9,449.239,37.437,409.239,40,3,0,0,2,7,0,0,....../LPL.LP
connected,6,2,12,10,449.239,37.437,409.239,40,3,0,0,2,7,0,0,....../LPL.LP
connected,6,2,12,11,449.239,37.437,409.239,40,3,0,0,2,7,0,0,....../LPL.LP
connected,6,2,12,12,449.239,37.437,409.239,40,3,0,0,2,7,0,0,....../LPL.LP
connected,6,2,12,13,449.239,37.437,409.239,40,3,0,0,2,7,0,0,....../LPL.LP
connected,6,2,12,14,449.239,37.437,409.239,40,3,0,0,2,7,0,0,....../LPL.LP
connected,6,2,12,15,449.239,37.437,409.239,40,3,0,0,2,7,0,0,....../LPL.LP
connected,6,2,12,16,449.239,37.437,409.239,40,3,0,0,2,7,0,0,....../LPL.LP
connected,6,2,12,17,449.239,37.437,409.239,40,3,0,0,2,7,0,0,....../LPL.LP
connected,6,2,12,18,449.239,37.437,409.239,40,3,0,0,2,7,0,0,....../LPL.LP
connected,6,2,12,19,449.239,37.437,409.239,40,3,0,0,2,7,0,0,....../LPL.LP
connected,6,2,12,20,449.239,37.437,409.239,40,3,0,0,2,7,0,0,....../LPL.LP
connected,6,3,18,1,1062.966,59.054,1002.966,60,7,0,0,3,8,0,0,PLL.PL/....../LLP.LL
connected,6,3,18,2,1062.966,59.054,1002.966,60,7,0,0,3,8,0,0,....../LLPLP./PLLLL.
connected,6,3,18,3,1062.966,59.054,1002.966,60,7,0,0,3,8,0,0,L.PLPL/P.LLLL/......
connected,6,3,18,4,1062.966,59.054,1002.966,60,7,0,0,3,8,0,0,....../LL.PLL/LP.LLP
connected,6,3,18,5,1062.966,59.054,1002.966,60,7,0,0,3,8,0,0,....../PLLLL./LLPLP.
connected,6,3,18,6,1062.966,59.054,1002.966,60,7,0,0,3,8,0,0,....../LLLLP./PLPLL.
connected,6,3,18,7,1062.966,59.054,1002.966,60,7,0,0,3,8,0,0,....../.PLPLL/.LLLLP
connected,6,3,18,8,1062.966,59.054,1002.966,60,7,0,0,3,8,0,0,.LLLLP/....../.PLPLL
connected,6,3,18,9,1062.966,59.054,1002.966,60,7,0,0,3,8,0,0,.LLLLP/....../.PLPLL
connected,6,3,18,10,1062.966,59.054,1002.966,60,7,0,0,3,8,0,0,LL.PLP/....../LP.LLL
connected,6,3,18,11,1062.966,59.054,1002.966,60,7,0,0,3,8,0,0,.LLLLP/.PLPLL/......
connected,6,3,18,12,1062.966,59.054,1002.966,60,7,0,0,3,8,0,0,....../LL.PLP/LP.LLL
connected,6,3,18,13,1062.966,59.054,1002.966,60,7,0,0,3,8,0,0,LP.LLL/LL.PLP/......
connected,6,3,18,14,1062.966,59.054,1002.966,60,7,0,0,3,8,0,0,....../.LLPLP/.PLLLL
connected,6,3,18,15,1062.966,59.054,1002.966,60,7,0,0,3,8,0,0,....../LLPLP./PLLLL.
connected,6,3,18,16,1062.966,59.054,1002.966,60,7,0,0,3,8,0,0,LLLLP./....../PLPLL.
connected,6,3,18,17,1062.966,59.054,1002.966,60,7,0,0,3,8,0,0,PLP.LL/LLL.PL/......
connected,6,3,18,18,1062.966,59.054,1002.966,60,7,0,0,3,8,0,0,L.PLLL/P.LLPL/......
connected,6,3,18,19,1062.966,59.054,1002.966,60,7,0,0,3,8,0,0,L.PLPL/P.LLLL/......
connected,6,3,18,20,1062.966,59.054,1002.966,60,7,0,0,3,8,0,0,PLLLL./LLPLP./......
connected,6,4,24,1,1525.265,63.553,1445.265,80,10,0,0,4,10,0,0,PL.LLL/...LP./PL..../LL.LPL
connected,6,4,24,2,1525.265,63.553,1445.265,80,10,0,0,4,10,0,0,...PL./LPLLL./LLLPL./LP....
connected,6,4,24,3,1543.902,64.329,1443.902,100,9,0,0,5,10,0,0,PL.LP./....../PLPLP./LLLLL.
connected,6,4,24,4,1525.265,63.553,1445.265,80,10,0,0,4,10,0,0,L.PLLL/P.LLLL/..PL../P....L
connected,6,4,24,5,1525.265,63.553,1445.265,80,10,0,0,4,10,0,0,LP..../...PL./LP.LLL/LL.PLL
connected,6,4,24,6,1543.902,64.329,1443.902,100,9,0,0,5,10,0,0,LLLL.L/LPLP.P/....../L.LP.P
connected,6,4,24,7,1543.902,64.329,1443.902,100,9,0,0,5,10,0,0,.PL.LP/.LLLLL/.PLPLP/......
connected,6,4,24,8,1525.265,63.553,1445.265,80,10,0,0,4,10,0,0,L.PLLL/P.LLLL/..PL../P....L
connected,6,4,24,9,1543.902,64.329,1443.902,100,9,0,0,5,10,0,0,.PLPLP/.LLLLL/.PL.LP/......
connected,6,4,24,10,1543.902,64.329,1443.902,100,9,0,0,5,10,0,0,LP.PL./LL.LLL/LP.PLP/......
connected,6,4,24,11,1543.902,64.329,1443.902,100,9,0,0,5,10,0,0,LPLP.P/....../L.LP.P/LLLL.L
connected,6,4,24,12,1525.265,63.553,1445.265,80,10,0,0,4,10,0,0,L.PLLL/P.LLLL/..PL../P....L
connected,6,4,24,13,1525.265,63.553,1445.265,80,10,0,0,4,10,0,0,P.LLLL/..PL../P....L/L.PLLL
connected,6,4,24,14,1543.902,64.329,1443.902,100,9,0,0,5,10,0,0,....../LP.PLP/LL.LLL/LP.PL.
connected,6,4,24,15,1525.265,63.553,1445.265,80,10,0,0,4,10,0,0,LLLLP./PLLLL./...LP./PL....
connected,6,4,24,16,1543.902,64.329,1443.902,100,9,0,0,5,10,0,0,....../.LP.PL/LLL.LL/PLP.PL
connected,6,4,24,17,1525.265,63.553,1445.265,80,10,0,0,4,10,0,0,...PL./LP..../LL.PLL/LP.LLL
connected,6,4,24,18,1543.902,64.329,1443.902,100,9,0,0,5,10,0,0,....../.LP.PL/LLL.LL/PLP.PL
connected,6,4,24,19,1525.265,63.553,1445.265,80,10,0,0,4,10,0,0,LP..../LL.PLL/LP.LLL/...PL.
connected,6,4,24,20,1525.265,63.553,1445.265,80,10,0,0,4,10,0,0,LLLL.P/LLLP.L/L....P/..LP..
connected,6,5,30,1,2015.824,67.194,1915.824,100,13,0,0,5,12,0,0,LLLL.L/L.LL.L/L.LP.P/....../LPLP.P
connected,6,5,30,2,1887.368,62.912,1787.368,100,12,0,0,5,13,0,0,.P.LL./LLLLL./LLLPL./.P..../...PLP
connected,6,5,30,3,2015.824,67.194,1915.824,100,13,0,0,5,12,0,0,LPLP.P/....../L.LP.P/L.LL.L/LLLL.L
connected,6,5,30,4,2015.824,67.194,1915.824,100,13,0,0,5,12,0,0,LL.LL./PL.LP./....../PLPLP./LLLLL.
connected,6,5,30,5,1948.658,64.955,1848.658,100,13,0,0,5,12,0,0,LP.LLP/LL.PLL/LP..../LL.PL./...LL.
connected,6,5,30,6,2015.824,67.194,1915.824,100,13,0,0,5,12,0,0,L.LL.L/P.PL.L/....../P.PLPL/L.LLLL
connected,6,5,30,7,1963.054,65.435,1863.054,100,13,0,0,5,12,0,0,.LP.LL/....PL/.LP.../PLL.PL/LLL.LL
connected,6,5,30,8,1929.095,64.303,1829.095,100,12,0,0,5,13,0,0,L....L/L.LLLL/L.LPLP/....../LPLP.P
connected,6,5,30,9,1963.054,65.435,1863.054,100,13,0,0,5,12,0,0,LLLLL./LLPLP./PL..../...LP./PL.LL.
connected,6,5,30,10,1929.095,64.303,1829.095,100,12,0,0,5,13,0,0,....../P.PLPL/..LL../LLLL.L/PLPL.L
connected,6,5,30,11,1963.054,65.435,1863.054,100,13,0,0,5,12,0,0,PLL.PL/.LP.../....PL/.LP.LL/LLL.LL
connected,6,5,30,12,2015.824,67.194,1915.824,100,13,0,0,5,12,0,0,PL.LP./....../PLPLP./LLLLL./LL.LL.
connected,6,5,30,13,2015.824,67.194,1915.824,100,13,0,0,5,12,0,0,.PLPLP/....../.PL.LP/.LL.LL/.LLLLL
connected,6,5,30,14,2015.824,67.194,1915.824,100,13,0,0,5,12,0,0,PL.LP./LL.LL./LLLLL./PLPLP./......
connected,6,5,30,15,1969.508,65.650,1869.508,100,13,0,0,5,12,0,0,PLPLL./LL..../PL.LP./...LL./LLLLP.
connected,6,5,30,16,2015.824,67.194,1915.824,100,13,0,0,5,12,0,0,....../PLPLP./LLLLL./LL.LL./PL.LP.
connected,6,5,30,17,1963.054,65.435,1863.054,100,13,0,0,5,12,0,0,LLLL.L/LPLL.P/..LP../L....P/L.LP.L
connected,6,5,30,18,1964.537,65.485,1864.537,100,13,0,0,5,12,0,0,.LP.PL/....../.LL.PL/LLP.LL/PLL.LL
connected,6,5,30,19,1950.128,65.004,1850.128,100,13,0,0,5,12,0,0,LLLLL./PL.LP./....../LL.LP./PLPLL.
connected,6,5,30,20,1963.054,65.435,1863.054,100,13,0,0,5,12,0,0,P.LLPL/..PL../P....L/L.PL.L/L.LLLL
connected,6,6,36,1,2446.654,67.963,2326.654,120,16,0,0,6,14,0,0,.LLLLL/..LL../L.LLLL/P.PLPL/....../.PLPLP
connected,6,6,36,2,2428.563,67.460,2308.563,120,16,0,0,6,14,0,0,.LLLLL/.PL.../....LL/.LP.LP/.LL.LL/.PLPLP
connected,6,6,36,3,2451.087,68.086,2331.087,120,16,0,0,6,14,0,0,PL.PLL/LL.LLL/...LP./LLLLL./PLPLP./......
connected,6,6,36,4,2483.168,68.977,2343.168,140,15,0,0,7,14,0,0,..LP../LLLL.L/LPLP.P/....../.PLPLP/.LLLLL
connected,6,6,36,5,2420.056,67.224,2300.056,120,16,0,0,6,14,0,0,P....L/LLLL.L/LLPL.P/....../PLP.PL/LLL.LL
connected,6,6,36,6,2465.800,68.494,2345.800,120,16,0,0,6,14,0,0,P....L/L.PLLL/P.LLPL/....../PLPL.L/LLLL.L
connected,6,6,36,7,2483.168,68.977,2343.168,140,15,0,0,7,14,0,0,.LP.PL/.LL.../PLP.PL/LLL.LL/.LP.PL/....LL
connected,6,6,36,8,2500.079,69.447,2360.079,140,15,0,0,7,14,0,0,LL.LL./LP.PL./LL.LLL/LP.PLP/....../LP.PL.
connected,6,6,36,9,2483.168,68.977,2343.168,140,15,0,0,7,14,0,0,L....P/LL.LLL/LP.PLP/....../LPLP.P/LLLL.L
connected,6,6,36,10,2483.168,68.977,2343.168,140,15,0,0,7,14,0,0,LP.PLP/....../LPLP.P/LLLL.L/LP..../LL.LLL
connected,6,6,36,11,2500.079,69.447,2360.079,140,15,0,0,7,14,0,0,.PL.LP/.LLLLL/.PLPLP/....../.PL.LP/.LL.LL
connected,6,6,36,12,2446.654,67.963,2326.654,120,16,0,0,6,14,0,0,LLLL.L/LPLP.P/....../PLP.PL/LLL.LL/L....L
connected,6,6,36,13,2483.168,68.977,2343.168,140,15,0,0,7,14,0,0,LLL.LL/PLP.PL/....LL/.LP.PL/.LL.../.LP.PL
connected,6,6,36,14,2483.168,68.977,2343.168,140,15,0,0,7,14,0,0,....../PLPLP./LLLLL./PL..../LLL.LL/PLP.PL
connected,6,6,36,15,2483.168,68.977,2343.168,140,15,0,0,7,14,0,0,P.PL.L/L.LLLL/P.PLPL/L....L/P.PL.L/..LL..
connected,6,6,36,16,2483.168,68.977,2343.168,140,15,0,0,7,14,0,0,LP.PLP/LL.LLL/L....P/LLLL.L/LPLP.P/......
connected,6,6,36,17,2465.800,68.494,2345.800,120,16,0,0,6,14,0,0,PLP.PL/.LL.../.LP.LP/.LL.LL/....PL/LLL.LL
connected,6,6,36,18,2500.079,69.447,2360.079,140,15,0,0,7,14,0,0,PL.LP./LL.LL./PL.LP./LLLLL./PLPLP./......
connected,6,6,36,19,2438.287,67.730,2298.287,140,15,0,0,7,14,0,0,LP.LLL/LL.PLP/....../L.PLPL/P.LLLL/...PL.
connected,6,6,36,20,2466.257,68.507,2326.257,140,15,0,0,7,14,0,0,....../P.PL.L/L.LL.L/P.PLPL/L.LLLL/P.PL.L
connected,6,7,42,1,2875.524,68.465,2715.524,160,18,0,0,8,16,0,0,..LL../.LLPLP/.PLLLL/..LP../L....P/LPLL.L/LLLP.P
connected,6,7,42,2,2874.710,68.445,2714.710,160,18,0,0,8,16,0,0,LP.PL./...LL./PLPLL./LLLLP./....../LP.PLL/LL.LLP
connected,6,7,42,3,2876.400,68.486,2716.400,160,18,0,0,8,16,0,0,.PLLLL/....../.PL.LP/.LLPLL/.PLLLP/..LP../.LLLLP
connected,6,7,42,4,2876.400,68.486,2716.400,160,18,0,0,8,16,0,0,LLP.LL/PLL.PL/....../PLP.LL/LLL.PL/.LP.LL/....PL
connected,6,7,42,5,2916.813,69.448,2756.813,160,18,0,0,8,16,0,0,....LP/LP.PLL/LL.LLP/LP.PL./....../LPL.LP/LLL.LL
connected,6,7,42,6,2876.825,68.496,2736.825,140,18,0,0,8,16,0,0,LLL.PL/PL..../...LP./PLLLL./LLPLP./.LLL../PLP..L
connected,6,7,42,7,2916.813,69.448,2756.813,160,18,0,0,8,16,0,0,PLL.PL/LLP.LL/PL..../LL.LPL/PL.LLL/....PL/.LP...
connected,6,7,42,8,2876.400,68.486,2716.400,160,18,0,0,8,16,0,0,LPLP.P/....../LLLL.P/LPLP.L/..LL../L.LP.P/LLLL.L
connected,6,7,42,9,2916.813,69.448,2756.813,160,18,0,0,8,16,0,0,L....P/LP.PLL/LL.LLP/LP.PL./....../L.LPLP/L.LLLL
connected,6,7,42,10,2876.825,68.496,2736.825,140,18,0,0,8,16,0,0,L...LL/LPL..L/LLLP.P/LP..../...PL./LP.LLL/LL.PLP
connected,6,7,42,11,2886.535,68.727,2726.535,160,18,0,0,8,16,0,0,P....L/L.PLPL/P.LLLL/..PL../.LLLPL/.PLLLL/..LP..
connected,6,7,42,12,2876.400,68.486,2716.400,160,18,0,0,8,16,0,0,PLLLP./LLPLL./PL.LP./....../PLLLL./LLPLP./..LL..
connected,6,7,42,13,2876.825,68.496,2736.825,140,18,0,0,8,16,0,0,....../PLLLL./.LPLP./...LLL/P.PLPL/L.LLLL/P.PL.L
connected,6,7,42,14,2898.572,69.014,2758.572,140,19,0,0,7,16,0,0,LLL.PL/PLP.LL/.LL.../.LLLPL/.LPLLL/....PL/.LP...
connected,6,7,42,15,2775.829,66.091,2635.829,140,18,0,0,7,17,0,0,.LL.../.LP.PL/.LLLLL/.LPLLL/.LL.PL/....../PLP.PL
connected,6,7,42,16,2904.284,69.150,2764.284,140,19,0,0,7,16,0,0,LL.PLP/LP.LLL/...PL./LP..../LL.LL./LP.PL./LL.LL.
connected,6,7,42,17,2904.284,69.150,2764.284,140,19,0,0,7,16,0,0,LL.PL./LP.LL./LL.PL./...LL./LP..../LL.PLL/LP.LLP
connected,6,7,42,18,2898.572,69.014,2758.572,140,19,0,0,7,16,0,0,PLPL.L/LLLL.L/P.LL.L/..PL../P.LLPL/L.PLLL/......
connected,6,7,42,19,2876.825,68.496,2736.825,140,18,0,0,8,16,0,0,.LLLLL/.PL.../....LP/LP.PLL/L..LLP/..LLL./.PLPLP
connected,6,7,42,20,2898.572,69.014,2758.572,140,19,0,0,7,16,0,0,.LPLPL/....../.LP.PL/PLL.LL/LLP.PL/.LL.../.LLLLL
connected,7,2,14,1,533.937,38.138,493.937,40,4,0,0,2,8,0,0,......./LPL.LPL
connected,7,2,14,2,533.937,38.138,493.937,40,4,0,0,2,8,0,0,......./LPL.LPL
connected,7,2,14,3,533.937,38.138,493.937,40,4,0,0,2,8,0,0,......./LPL.LPL
connected,7,2,14,4,533.937,38.138,493.937,40,4,0,0,2,8,0,0,......./LPL.LPL
connected,7,2,14,5,533.937,38.138,493.937,40,4,0,0,2,8,0,0,......./LPL.LPL
connected,7,2,14,6,533.937,38.138,493.937,40,4,0,0,2,8,0,0,......./LPL.LPL
connected,7,2,14,7,533.937,38.138,493.937,40,4,0,0,2,8,0,0,......./LPL.LPL
connected,7,2,14,8,533.937,38.138,493.937,40,4,0,0,2,8,0,0,......./LPL.LPL
connected,7,2,14,9,533.937,38.138,493.937,40,4,0,0,2,8,0,0,......./LPL.LPL
connected,7,2,14,10,533.937,38.138,493.937,40,4,0,0,2,8,0,0,......./LPL.LPL
connected,7,2,14,11,533.937,38.138,493.937,40,4,0,0,2,8,0,0,......./LPL.LPL
connected,7,2,14,12,533.937,38.138,493.937,40,4,0,0,2,8,0,0,......./LPL.LPL
connected,7,2,14,13,533.937,38.138,493.937,40,4,0,0,2,8,0,0,......./LPL.LPL
connected,7,2,14,14,533.937,38.138,493.937,40,4,0,0,2,8,0,0,......./LPL.LPL
connected,7,2,14,15,533.937,38.138,493.937,40,4,0,0,2,8,0,0,......./LPL.LPL
connected,7,2,14,16,533.937,38.138,493.937,40,4,0,0,2,8,0,0,......./LPL.LPL
connected,7,2,14,17,533.937,38.138,493.937,40,4,0,0,2,8,0,0,......./LPL.LPL
connected,7,2,14,18,533.937,38.138,493.937,40,4,0,0,2,8,0,0,......./LPL.LPL
connected,7,2,14,19,533.937,38.138,493.937,40,4,0,0,2,8,0,0,......./LPL.LPL
connected,7,2,14,20,533.937,38.138,493.937,40,4,0,0,2,8,0,0,......./LPL.LPL
connected,7,3,21,1,1229.539,58.549,1169.539,60,9,0,0,3,9,0,0,LLLLLL./LPLPLP./.......
connected,7,3,21,2,1229.539,58.549,1169.539,60,9,0,0,3,9,0,0,LLLLLL./LPLPLP./.......
connected,7,3,21,3,1229.539,58.549,1169.539,60,9,0,0,3,9,0,0,LLLLLL./LPLPLP./.......
connected,7,3,21,4,1229.539,58.549,1169.539,60,9,0,0,3,9,0,0,LLLLLL./LPLPLP./.......
connected,7,3,21,5,1229.539,58.549,1169.539,60,9,0,0,3,9,0,0,LLLLLL./LPLPLP./.......
connected,7,3,21,6,1229.539,58.549,1169.539,60,9,0,0,3,9,0,0,LLLLLL./LPLPLP./.......
connected,7,3,21,7,1229.539,58.549,1169.539,60,9,0,0,3,9,0,0,LLLLLL./LPLPLP./.......
connected,7,3,21,8,1229.539,58.549,1169.539,60,9,0,0,3,9,0,0,LLLLLL./LPLPLP./.......
connected,7,3,21,9,1229.539,58.549,1169.539,60,9,0,0,3,9,0,0,LLLLLL./LPLPLP./.......
connected,7,3,21,10,1229.539,58.549,1169.539,60,9,0,0,3,9,0,0,LLLLLL./LPLPLP./.......
connected,7,3,21,11,1229.539,58.549,1169.539,60,9,0,0,3,9,0,0,LLLLLL./LPLPLP./.......
connected,7,3,21,12,1229.539,58.549,1169.539,60,9,0,0,3,9,0,0,LLLLLL./LPLPLP./.......
connected,7,3,21,13,1229.539,58.549,1169.539,60,9,0,0,3,9,0,0,LLLLLL./LPLPLP./.......
connected,7,3,21,14,1229.539,58.549,1169.539,60,9,0,0,3,9,0,0,LLLLLL./LPLPLP./.......
connected,7,3,21,15,1229.539,58.549,1169.539,60,9,0,0,3,9,0,0,LLLLLL./LPLPLP./.......
connected,7,3,21,16,1229.539,58.549,1169.539,60,9,0,0,3,9,0,0,LLLLLL./LPLPLP./.......
connected,7,3,21,17,1229.539,58.549,1169.539,60,9,0,0,3,9,0,0,LLLLLL./LPLPLP./.......
connected,7,3,21,18,1229.539,58.549,1169.539,60,9,0,0,3,9,0,0,LLLLLL./LPLPLP./.......
connected,7,3,21,19,1229.539,58.549,1169.539,60,9,0,0,3,9,0,0,LLLLLL./LPLPLP./.......
connected,7,3,21,20,1229.539,58.549,1169.539,60,9,0,0,3,9,0,0,LLLLLL./LPLPLP./.......
connected,7,4,28,1,1753.436,62.623,1653.436,100,11,0,0,5,12,0,0,.LLLLLL/.LPLP.P/.LL..../....PLP
connected,7,4,28,2,1753.436,62.623,1653.436,100,11,0,0,5,12,0,0,...PLP./LL.LLLL/LP.P.LP/LL.....
connected,7,4,28,3,1753.436,62.623,1653.436,100,11,0,0,5,12,0,0,LL...../...PLP./LL.LLLL/LP..PLP
connected,7,4,28,4,1753.436,62.623,1653.436,100,11,0,0,5,12,0,0,...PLP./LL...../LPLP.P./LLLLLL.
connected,7,4,28,5,1753.436,62.623,1653.436,100,11,0,0,5,12,0,0,PLP.LP./LLLLLL./...PLP./LL.....
connected,7,4,28,6,1753.436,62.623,1653.436,100,11,0,0,5,12,0,0,P....PL/LLLL.LL/.PLP.LP/..LL...
connected,7,4,28,7,1753.436,62.623,1653.436,100,11,0,0,5,12,0,0,LLLLLL./...PLP./LL...../PLLP.P.
connected,7,4,28,8,1753.436,62.623,1653.436,100,11,0,0,5,12,0,0,L.LLLLL/P....PL/..LL.../P.PLLP.
connected,7,4,28,9,1753.436,62.623,1653.436,100,11,0,0,5,12,0,0,...LL../.P.PLPL/LL.LLLL/LP....P
connected,7,4,28,10,1753.436,62.623,1653.436,100,11,0,0,5,12,0,0,....PLP/.LLLLLL/.PLLP.P/.LL....
connected,7,4,28,11,1753.436,62.623,1653.436,100,11,0,0,5,12,0,0,LL.LLLL/...PLP./LL...../PL.P.PL
connected,7,4,28,12,1746.995,62.393,1646.995,100,11,0,0,5,12,0,0,....PL./L.PLLLP/L.LLLLL/P.P....
connected,7,4,28,13,1753.436,62.623,1653.436,100,11,0,0,5,12,0,0,.LL..../....PLP/LLL.LLL/PLP.P.L
connected,7,4,28,14,1753.436,62.623,1653.436,100,11,0,0,5,12,0,0,LLLLLL./PLP..../....LL./P.PLLP.
connected,7,4,28,15,1753.436,62.623,1653.436,100,11,0,0,5,12,0,0,LL...../PLPL.P./LLLLLL./...PLP.
connected,7,4,28,16,1753.436,62.623,1653.436,100,11,0,0,5,12,0,0,..LL.../P.PLLP./L.LLLLL/P....PL
connected,7,4,28,17,1753.436,62.623,1653.436,100,11,0,0,5,12,0,0,L.LLLLL/P.PLPL./..LL.../P....PL
connected,7,4,28,18,1753.436,62.623,1653.436,100,11,0,0,5,12,0,0,.LLLLLL/.PL.PLP/.....LL/.PLP...
connected,7,4,28,19,1742.011,62.215,1642.011,100,11,0,0,5,12,0,0,LPL.P.L/......P/.LPLP../LLLLL.L
connected,7,4,28,20,1753.436,62.623,1653.436,100,11,0,0,5,12,0,0,L.LLLLL/P.PL.PL/L.....L/..PLP..
connected,7,5,35,1,2263.162,64.662,2143.162,120,15,0,0,6,14,0,0,PLP.PL./......./.PLPLPL/.LLLLL./LLL.LL.
connected,7,5,35,2,2346.719,67.049,2206.719,140,14,0,0,7,14,0,0,L..LLPL/LL.PL.L/LP....P/...LP../P.PLLLL
connected,7,5,35,3,2346.719,67.049,2206.719,140,14,0,0,7,14,0,0,LLLP.PL/PLL..LL/.LP.LLL/....PLP/.PL....
connected,7,5,35,4,2263.162,64.662,2143.162,120,15,0,0,6,14,0,0,LP.PLP./......./LPLLP.P/LLLLL../LL.LLL.
connected,7,5,35,5,2346.719,67.049,2206.719,140,14,0,0,7,14,0,0,L.PLLLL/P....PL/..LP.../.PLL.LP/..LLPLL
connected,7,5,35,6,2346.719,67.049,2206.719,140,14,0,0,7,14,0,0,P.....L/L.LP.PL/LPLL.LL/LLLL..P/..PLP..
connected,7,5,35,7,2263.162,64.662,2143.162,120,15,0,0,6,14,0,0,P.PL.PL/......./.PLP.LP/.LLLLLL/..LLLLL
connected,7,5,35,8,2346.719,67.049,2206.719,140,14,0,0,7,14,0,0,LL..PL./PLP..../....LP./LP.PLLL/LL.LLLP
connected,7,5,35,9,2346.719,67.049,2206.719,140,14,0,0,7,14,0,0,LLLLP.P/LP...../...PLP./PL.LL../LLPLL.L
connected,7,5,35,10,2263.162,64.662,2143.162,120,15,0,0,6,14,0,0,LLL.LLL/.LL..LL/.PLP.PL/......./PLP.PLL
connected,7,5,35,11,2238.244,63.950,2118.244,120,15,0,0,6,14,0,0,.PL.PLP/.LLLLL./.LLLLLP/.PL.PLL/.......
connected,7,5,35,12,2263.162,64.662,2143.162,120,15,0,0,6,14,0,0,LLLLL../PLPLLP./......./LP.PLP./LL.LLL.
connected,7,5,35,13,2263.162,64.662,2143.162,120,15,0,0,6,14,0,0,......./.LPLPLP/.LLLLLL/.LL..LL/.PLP.PL
connected,7,5,35,14,2263.162,64.662,2143.162,120,15,0,0,6,14,0,0,LL.LLL./PL.PLP./......./LP.PLLP/LL..LLL
connected,7,5,35,15,2263.162,64.662,2143.162,120,15,0,0,6,14,0,0,P.PL.PL/..LLLLL/.LLLLLL/.PLP.LP/.......
connected,7,5,35,16,2238.244,63.950,2118.244,120,15,0,0,6,14,0,0,PLLLLL./LLPLLL./....LP./PLP..../.LL.PL.
connected,7,5,35,17,2238.244,63.950,2118.244,120,15,0,0,6,14,0,0,.PLL.LP/.LLP.LL/..LLLLL/L.PLPLP/.......
connected,7,5,35,18,2238.244,63.950,2118.244,120,15,0,0,6,14,0,0,LL.PLLL/LL.LLPL/LP..LL./...PLP./LP.....
connected,7,5,35,19,2224.376,63.554,2104.376,120,15,0,0,6,14,0,0,.....LL/.PLP.PL/.LL..../LLLL.LL/LPLP.LP
connected,7,5,35,20,2263.162,64.662,2143.162,120,15,0,0,6,14,0,0,LP.LPLP/......./LP.PLP./LL..LL./LL.LLLL
connected,7,6,42,1,2893.723,68.898,2773.723,120,19,0,0,7,16,0,0,PLP.PLL/LLL.LLL/....LP./LLL.LL./PLP.P../LL....L
connected,7,6,42,2,2874.710,68.445,2714.710,160,18,0,0,8,16,0,0,LLP.LL./....LP./LLP.LLL/PLL.LPL/.LP..../PLL.PL.
connected,7,6,42,3,2875.524,68.465,2715.524,160,18,0,0,8,16,0,0,LP.PLLP/LL.LLLL/PL.PL../...LLL./PL.PLP./LL.....
connected,7,6,42,4,2904.284,69.150,2764.284,140,19,0,0,7,16,0,0,LLL.LLL/LPL.PLP/......./PLPLPL./LLLLLL./....LP.
connected,7,6,42,5,2875.524,68.465,2715.524,160,18,0,0,8,16,0,0,.PLP.PL/.LLL.../.PL..LP/LLL.LLL/PLP.LPL/.....LL
connected,7,6,42,6,2876.825,68.496,2736.825,140,18,0,0,8,16,0,0,L.PLP.P/LLLLL.L/LLPL..P/.LLLL../..PLP.P/L.....L
connected,7,6,42,7,2875.524,68.465,2715.524,160,18,0,0,8,16,0,0,P.LPLPL/..LL.../P.LP.PL/L....LL/P.PL..L/L.LLLLL
connected,7,6,42,8,2904.284,69.150,2764.284,140,19,0,0,7,16,0,0,......./.PLPLPL/.LLLLLL/...LP../LLLLL.L/PLPLP.L
connected,7,6,42,9,2898.572,69.014,2758.572,140,19,0,0,7,16,0,0,.PL..../.LL.LLL/.LP.PLP/.....LL/PLP.LPL/LLL.LLL
connected,7,6,42,10,2758.481,65.678,2618.481,140,17,0,0,8,17,0,0,.PLPLPL/.LLLLLL/.P.PL.P/...LL../.P....P/.LL.LLL
connected,7,6,42,11,2775.829,66.091,2635.829,140,18,0,0,7,17,0,0,L.LLLL./P.PLPL./..LL.../PLPLP.L/LLLLL.L/P......
connected,7,6,42,12,2886.535,68.727,2726.535,160,18,0,0,8,16,0,0,PL...../LLPLP.L/LLLLL.P/LP.LP../LL.LLL./...PLP.
connected,7,6,42,13,2856.846,68.020,2716.846,140,19,0,0,7,16,0,0,.LP..../LLLLLL./PLPLPL./.LL.LL./.PL.PLP/....LLL
connected,7,6,42,14,2875.512,68.465,2735.512,140,18,0,0,8,16,0,0,..P..PL/.LLL.../.PLP.LP/LLL..LL/LPL.PLP/L...LLL
connected,7,6,42,15,2904.284,69.150,2764.284,140,19,0,0,7,16,0,0,....PL./LLLLLL./PLLPLP./......./P.PLPLL/L.LLLLL
connected,7,6,42,16,2875.512,68.465,2735.512,140,18,0,0,8,16,0,0,P.PL.PL/L....LL/..PL..P/.LLLL../.PLPLPL/..LLLLL
connected,7,6,42,17,2916.813,69.448,2756.813,160,18,0,0,8,16,0,0,PLPLP../LL.LLL./LP.PLP./...LL../LP....P/LLLLL.L
connected,7,6,42,18,2876.825,68.496,2736.825,140,18,0,0,8,16,0,0,L.LLLLL/L.PLP.P/...LL../LP.P..P/LL...LL/L..LPLP
connected,7,6,42,19,2875.524,68.465,2715.524,160,18,0,0,8,16,0,0,PLP.PL./LLL..../.PLLLP./LLLLLL./PLP.PL./....LL.
connected,7,6,42,20,2916.813,69.448,2756.813,160,18,0,0,8,16,0,0,P....PL/L.LLLLL/..PLPLP/.LLL.LL/.PLP.LP/..LL...
connected,7,7,49,1,3187.109,65.043,3087.109,100,25,0,0,6,18,0,0,PL..LL./...LLL./PLLLPL./LLLLLL./LL..PL./LPL..../LLL.LP.
connected,7,7,49,2,3311.558,67.583,3171.558,140,23,0,0,8,18,0,0,LL.PLL./...LLP./LP.PL../LL.LLLL/PL.LLPL/LL.PL.L/PL.....
connected,7,7,49,3,3193.664,65.177,3033.664,160,22,0,0,8,18,0,0,L.LL.PL/..LLLLL/.PLPLLP/.L.L.../.LLP.PL/.....LL/P.PL.LL
connected,7,7,49,4,3311.558,67.583,3171.558,140,23,0,0,8,18,0,0,...LLL./.LPLPLP/.LLLLLL/.LP.PL./PLL.LL./LLP..../PL..LL.
connected,7,7,49,5,3311.558,67.583,3171.558,140,23,0,0,8,18,0,0,.LPLPLL/.LLL.LP/.LL..../.PL.PLL/....LLL/.LP.PL./.LLLLLP
connected,7,7,49,6,3311.558,67.583,3171.558,140,23,0,0,8,18,0,0,PLP..../LLL.LLL/LP..LPL/...LLL./LL.LPLP/LP.LLLL/....LP.
connected,7,7,49,7,3311.558,67.583,3171.558,140,23,0,0,8,18,0,0,.....PL/.LLP.LL/.PLL.../..LP.PL/L.LL.LL/LLLL.LP/LPLP.LL
connected,7,7,49,8,3311.558,67.583,3171.558,140,23,0,0,8,18,0,0,LLL..../LPLPLP./LLLLLL./.PL..../....PLL/.LLLLLP/.PLPLL.
connected,7,7,49,9,3187.109,65.043,3087.109,100,25,0,0,6,18,0,0,L....LL/LP.PLLP/LL.LLLL/......./PLLL.LL/LLLL.LL/..PL.LP
connected,7,7,49,10,3311.558,67.583,3171.558,140,23,0,0,8,18,0,0,LL....L/...LP../PL.LLLL/LL.PLPL/LP...../LL.LLLL/PL.PLPL
connected,7,7,49,11,3311.558,67.583,3171.558,140,23,0,0,8,18,0,0,LLLL.LP/L.LP.LL/......./LLP.LLP/LLL.PLL/L.....P/LPLP.LL
connected,7,7,49,12,3311.558,67.583,3171.558,140,23,0,0,8,18,0,0,..LP.LP/.LLL.../PLPLLL./LLLLPL./......./.PLLPLP/.LLLLLL
connected,7,7,49,13,3187.109,65.043,3087.109,100,25,0,0,6,18,0,0,LPLPL.L/LLLLL.L/...LP../LLLLL.L/PLPLL.L/......./L.LLL.P
connected,7,7,49,14,3187.109,65.043,3087.109,100,25,0,0,6,18,0,0,....LL./.LPLPLL/.LLLLLL/.LP.PL./LLL.LL./LPL.PL./LLL....
connected,7,7,49,15,3311.558,67.583,3171.558,140,23,0,0,8,18,0,0,...LLL./L.PLPLP/L.LLLLL/......./PLLPLP./LLLLLL./LP..LP.
connected,7,7,49,16,3375.140,68.880,3175.140,200,20,0,0,10,19,0,0,L..PL.L/LP....P/L..PLLL/P.LLLPL/L.PLL.L/...LP../LP.LL.P
connected,7,7,49,17,3193.664,65.177,3033.664,160,22,0,0,8,19,0,0,.LPL.PL/LLL..LL/PLLP.PL/.LLL.../.PL..LL/....PLP/.LL..LL
connected,7,7,49,18,3311.558,67.583,3171.558,140,23,0,0,8,18,0,0,.LLL.LL/..LP.LP/.PLL.../.LLP.LL/.....PL/.LLLLLL/.LPLPLP
connected,7,7,49,19,3375.140,68.880,3175.140,200,20,0,0,10,19,0,0,LL.PLLL/LP.LLLP/L..P..L/LP...LP/LLL.PLL/PLP..../....LP.
connected,7,7,49,20,3311.558,67.583,3171.558,140,23,0,0,8,18,0,0,LPLP.LL/LLL..../.PL.PL./LLL.LLL/PLP.LPL/......./LLLL.LP
default,2,2,4,1,179.979,44.995,159.979,20,1,0,0,1,2,0,0,P./L.
default,2,2,4,2,179.979,44.995,159.979,20,1,0,0,1,2,0,0,P./L.
default,2,2,4,3,179.979,44.995,159.979,20,1,0,0,1,2,0,0,L./P.
default,2,2,4,4,179.979,44.995,159.979,20,1,0,0,1,2,0,0,../LP
default,2,2,4,5,179.979,44.995,159.979,20,1,0,0,1,2,0,0,.P/.L
default,2,2,4,6,179.979,44.995,159.979,20,1,0,0,1,2,0,0,.L/.P
default,2,2,4,7,179.979,44.995,159.979,20,1,0,0,1,2,0,0,L./P.
default,2,2,4,8,179.979,44.995,159.979,20,1,0,0,1,2,0,0,PL/..
default,2,2,4,9,179.979,44.995,159.979,20,1,0,0,1,2,0,0,.L/.P
default,2,2,4,10,179.979,44.995,159.979,20,1,0,0,1,2,0,0,L./P.
default,2,2,4,11,179.979,44.995,159.979,20,1,0,0,1,2,0,0,../PL
default,2,2,4,12,179.979,44.995,159.979,20,1,0,0,1,2,0,0,../LP
default,2,2,4,13,179.979,44.995,159.979,20,1,0,0,1,2,0,0,.L/.P
default,2,2,4,14,179.979,44.995,159.979,20,1,0,0,1,2,0,0,P./L.
default,2,2,4,15,179.979,44.995,159.979,20,1,0,0,1,2,0,0,../PL
default,2,2,4,16,179.979,44.995,159.979,20,1,0,0,1,2,0,0,../LP
default,2,2,4,17,179.979,44.995,159.979,20,1,0,0,1,2,0,0,../LP
default,2,2,4,18,179.979,44.995,159.979,20,1,0,0,1,2,0,0,../LP
default,2,2,4,19,179.979,44.995,159.979,20,1,0,0,1,2,0,0,../LP
default,2,2,4,20,179.979,44.995,159.979,20,1,0,0,1,2,0,0,.L/.P
default,2,3,6,1,441.357,73.560,421.357,20,3,0,0,1,2,0,0,LP/LL/..
default,2,3,6,2,441.357,73.560,421.357,20,3,0,0,1,2,0,0,LP/LL/..
default,2,3,6,3,441.357,73.560,421.357,20,3,0,0,1,2,0,0,LP/LL/..
default,2,3,6,4,441.357,73.560,421.357,20,3,0,0,1,2,0,0,LP/LL/..
default,2,3,6,5,441.357,73.560,421.357,20,3,0,0,1,2,0,0,LP/LL/..
default,2,3,6,6,441.357,73.560,421.357,20,3,0,0,1,2,0,0,LP/LL/..
default,2,3,6,7,441.357,73.560,421.357,20,3,0,0,1,2,0,0,LP/LL/..
default,2,3,6,8,441.357,73.560,421.357,20,3,0,0,1,2,0,0,LP/LL/..
default,2,3,6,9,441.357,73.560,421.357,20,3,0,0,1,2,0,0,LP/LL/..
default,2,3,6,10,441.357,73.560,421.357,20,3,0,0,1,2,0,0,LP/LL/..
default,2,3,6,11,441.357,73.560,421.357,20,3,0,0,1,2,0,0,LP/LL/..
default,2,3,6,12,441.357,73.560,421.357,20,3,0,0,1,2,0,0,LP/LL/..
default,2,3,6,13,441.357,73.560,421.357,20,3,0,0,1,2,0,0,LP/LL/..
default,2,3,6,14,441.357,73.560,421.357,20,3,0,0,1,2,0,0,LP/LL/..
default,2,3,6,15,441.357,73.560,421.357,20,3,0,0,1,2,0,0,LP/LL/..
default,2,3,6,16,441.357,73.560,421.357,20,3,0,0,1,2,0,0,LP/LL/..
default,2,3,6,17,441.357,73.560,421.357,20,3,0,0,1,2,0,0,LP/LL/..
default,2,3,6,18,441.357,73.560,421.357,20,3,0,0,1,2,0,0,LP/LL/..
default,2,3,6,19,441.357,73.560,421.357,20,3,0,0,1,2,0,0,LP/LL/..
default,2,3,6,20,441.357,73.560,421.357,20,3,0,0,1,2,0,0,LP/LL/..
default,2,4,8,1,542.756,67.845,522.756,20,4,0,0,1,3,0,0,P./../LL/LL
default,2,4,8,2,542.756,67.845,522.756,20,4,0,0,1,3,0,0,LL/P./../LL
default,2,4,8,3,542.756,67.845,522.756,20,4,0,0,1,3,0,0,LL/LL/../.P
default,2,4,8,4,542.756,67.845,522.756,20,4,0,0,1,3,0,0,../LL/LL/P.
default,2,4,8,5,542.756,67.845,522.756,20,4,0,0,1,3,0,0,LL/LL/../.P
default,2,4,8,6,542.756,67.845,522.756,20,4,0,0,1,3,0,0,LL/LL/../.P
default,2,4,8,7,542.756,67.845,522.756,20,4,0,0,1,3,0,0,LL/LL/P./..
default,2,4,8,8,542.756,67.845,522.756,20,4,0,0,1,3,0,0,LL/LL/../.P
default,2,4,8,9,542.756,67.845,522.756,20,4,0,0,1,3,0,0,LL/LL/../.P
default,2,4,8,10,542.756,67.845,522.756,20,4,0,0,1,3,0,0,.P/LL/LL/..
default,2,4,8,11,542.756,67.845,522.756,20,4,0,0,1,3,0,0,../LL/LL/.P
default,2,4,8,12,542.756,67.845,522.756,20,4,0,0,1,3,0,0,LL/.P/../LL
default,2,4,8,13,542.756,67.845,522.756,20,4,0,0,1,3,0,0,LL/.P/../LL
default,2,4,8,14,542.756,67.845,522.756,20,4,0,0,1,3,0,0,LL/P./../LL
default,2,4,8,15,542.756,67.845,522.756,20,4,0,0,1,3,0,0,.P/../LL/LL
default,2,4,8,16,542.756,67.845,522.756,20,4,0,0,1,3,0,0,../P./LL/LL
default,2,4,8,17,542.756,67.845,522.756,20,4,0,0,1,3,0,0,../LL/LL/.P
default,2,4,8,18,542.756,67.845,522.756,20,4,0,0,1,3,0,0,../P./LL/LL
default,2,4,8,19,542.756,67.845,522.756,20,4,0,0,1,3,0,0,LL/LL/P./..
default,2,4,8,20,542.756,67.845,522.756,20,4,0,0,1,3,0,0,.P/../LL/LL
default,2,5,10,1,675.904,67.590,635.904,40,4,0,0,2,4,0,0,LP/../P./L./LL
default,2,5,10,2,675.904,67.590,635.904,40,4,0,0,2,4,0,0,LL/LL/.P/../P.
default,2,5,10,3,675.904,67.590,635.904,40,4,0,0,2,4,0,0,P./../.P/LL/LL
default,2,5,10,4,675.904,67.590,635.904,40,4,0,0,2,4,0,0,P./L./LL/LP/..
default,2,5,10,5,675.904,67.590,635.904,40,4,0,0,2,4,0,0,LL/.P/../P./LL
default,2,5,10,6,675.904,67.590,635.904,40,4,0,0,2,4,0,0,LL/LL/P./../.P
default,2,5,10,7,675.904,67.590,635.904,40,4,0,0,2,4,0,0,P./../.P/LL/LL
default,2,5,10,8,675.904,67.590,635.904,40,4,0,0,2,4,0,0,../P./L./LL/LP
default,2,5,10,9,675.904,67.590,635.904,40,4,0,0,2,4,0,0,P./../LP/LL/L.
default,2,5,10,10,675.904,67.590,635.904,40,4,0,0,2,4,0,0,PL/../.P/.L/LL
default,2,5,10,11,675.904,67.590,635.904,40,4,0,0,2,4,0,0,.P/.L/LL/PL/..
default,2,5,10,12,675.904,67.590,635.904,40,4,0,0,2,4,0,0,PL/LL/.L/.P/..
default,2,5,10,13,675.904,67.590,635.904,40,4,0,0,2,4,0,0,../.P/LL/LL/P.
default,2,5,10,14,675.904,67.590,635.904,40,4,0,0,2,4,0,0,../PL/LL/.L/.P
default,2,5,10,15,675.904,67.590,635.904,40,4,0,0,2,4,0,0,L./LL/LP/../P.
default,2,5,10,16,675.904,67.590,635.904,40,4,0,0,2,4,0,0,.P/../PL/LL/.L
default,2,5,10,17,675.904,67.590,635.904,40,4,0,0,2,4,0,0,L./LL/LP/../P.
default,2,5,10,18,675.904,67.590,635.904,40,4,0,0,2,4,0,0,../P./L./LL/LP
default,2,5,10,19,675.904,67.590,635.904,40,4,0,0,2,4,0,0,../LP/LL/L./P.
default,2,5,10,20,675.904,67.590,635.904,40,4,0,0,2,4,0,0,LL/LP/../P./L.
default,2,6,12,1,921.501,76.792,881.501,40,6,0,0,2,4,0,0,PL/LL/../LL/PL/..
default,2,6,12,2,921.501,76.792,881.501,40,6,0,0,2,4,0,0,PL/LL/../LL/PL/..
default,2,6,12,3,921.501,76.792,881.501,40,6,0,0,2,4,0,0,../LL/LP/../LP/LL
default,2,6,12,4,921.501,76.792,881.501,40,6,0,0,2,4,0,0,PL/../PL/LL/../LL
default,2,6,12,5,921.501,76.792,881.501,40,6,0,0,2,4,0,0,LL/../LL/PL/../PL
default,2,6,12,6,921.501,76.792,881.501,40,6,0,0,2,4,0,0,LP/LL/../LL/LP/..
default,2,6,12,7,921.501,76.792,881.501,40,6,0,0,2,4,0,0,PL/../PL/LL/../LL
default,2,6,12,8,921.501,76.792,881.501,40,6,0,0,2,4,0,0,PL/../PL/LL/../LL
default,2,6,12,9,921.501,76.792,881.501,40,6,0,0,2,4,0,0,LL/../LL/PL/../PL
default,2,6,12,10,921.501,76.792,881.501,40,6,0,0,2,4,0,0,LP/../LP/LL/../LL
default,2,6,12,11,921.501,76.792,881.501,40,6,0,0,2,4,0,0,LP/../LP/LL/../LL
default,2,6,12,12,921.501,76.792,881.501,40,6,0,0,2,4,0,0,LL/LP/../LP/LL/..
default,2,6,12,13,921.501,76.792,881.501,40,6,0,0,2,4,0,0,LL/PL/../PL/LL/..
default,2,6,12,14,921.501,76.792,881.501,40,6,0,0,2,4,0,0,LL/PL/../PL/LL/..
default,2,6,12,15,921.501,76.792,881.501,40,6,0,0,2,4,0,0,LP/LL/../LL/LP/..
default,2,6,12,16,921.501,76.792,881.501,40,6,0,0,2,4,0,0,../LP/LL/../LL/LP
default,2,6,12,17,921.501,76.792,881.501,40,6,0,0,2,4,0,0,LP/../LP/LL/../LL
default,2,6,12,18,921.501,76.792,881.501,40,6,0,0,2,4,0,0,../LL/PL/../PL/LL
default,2,6,12,19,921.501,76.792,881.501,40,6,0,0,2,4,0,0,LL/LP/../LP/LL/..
default,2,6,12,20,921.501,76.792,881.501,40,6,0,0,2,4,0,0,LL/LP/../LP/LL/..
default,2,7,14,1,1014.293,72.450,954.293,60,6,0,0,3,5,0,0,LL/LP/../P./LL/LP/..
default,2,7,14,2,1014.293,72.450,954.293,60,6,0,0,3,5,0,0,../PL/LL/../.P/LL/PL
default,2,7,14,3,1014.293,72.450,954.293,60,6,0,0,3,5,0,0,PL/../LL/PL/../.P/LL
default,2,7,14,4,1014.293,72.450,954.293,60,6,0,0,3,5,0,0,PL/../PL/LL/../.P/LL
default,2,7,14,5,1014.293,72.450,954.293,60,6,0,0,3,5,0,0,../PL/LL/../.P/LL/PL
default,2,7,14,6,1014.293,72.450,954.293,60,6,0,0,3,5,0,0,LL/../P./LL/LP/../LP
default,2,7,14,7,1014.293,72.450,954.293,60,6,0,0,3,5,0,0,P./LL/LP/../LP/LL/..
default,2,7,14,8,1014.293,72.450,954.293,60,6,0,0,3,5,0,0,LP/LL/../P./LL/LP/..
default,2,7,14,9,1014.293,72.450,954.293,60,6,0,0,3,5,0,0,PL/../PL/LL/../.P/LL
default,2,7,14,10,1014.293,72.450,954.293,60,6,0,0,3,5,0,0,LL/P./../LL/LP/../LP
default,2,7,14,11,1014.293,72.450,954.293,60,6,0,0,3,5,0,0,.P/LL/PL/../PL/LL/..
default,2,7,14,12,1014.293,72.450,954.293,60,6,0,0,3,5,0,0,../PL/LL/.P/../LL/PL
default,2,7,14,13,1014.293,72.450,954.293,60,6,0,0,3,5,0,0,../P./LL/LP/../LP/LL
default,2,7,14,14,1014.293,72.450,954.293,60,6,0,0,3,5,0,0,LL/../.P/LL/PL/../PL
default,2,7,14,15,1014.293,72.450,954.293,60,6,0,0,3,5,0,0,../LP/LL/../LP/LL/P.
default,2,7,14,16,1014.293,72.450,954.293,60,6,0,0,3,5,0,0,LL/PL/../.P/LL/PL/..
default,2,7,14,17,1014.293,72.450,954.293,60,6,0,0,3,5,0,0,.P/../PL/LL/../PL/LL
default,2,7,14,18,1014.293,72.450,954.293,60,6,0,0,3,5,0,0,LL/P./../LP/LL/../LP
default,2,7,14,19,1014.293,72.450,954.293,60,6,0,0,3,5,0,0,../P./LL/LP/../LP/LL
default,2,7,14,20,1014.293,72.450,954.293,60,6,0,0,3,5,0,0,../LL/PL/../PL/LL/.P
default,3,2,6,1,441.357,73.560,421.357,20,3,0,0,1,2,0,0,LL./PL.
default,3,2,6,2,441.357,73.560,421.357,20,3,0,0,1,2,0,0,LL./PL.
default,3,2,6,3,441.357,73.560,421.357,20,3,0,0,1,2,0,0,LL./PL.
default,3,2,6,4,441.357,73.560,421.357,20,3,0,0,1,2,0,0,LL./PL.
default,3,2,6,5,441.357,73.560,421.357,20,3,0,0,1,2,0,0,LL./PL.
default,3,2,6,6,441.357,73.560,421.357,20,3,0,0,1,2,0,0,LL./PL.
default,3,2,6,7,441.357,73.560,421.357,20,3,0,0,1,2,0,0,LL./PL.
default,3,2,6,8,441.357,73.560,421.357,20,3,0,0,1,2,0,0,LL./PL.
default,3,2,6,9,441.357,73.560,421.357,20,3,0,0,1,2,0,0,LL./PL.
default,3,2,6,10,441.357,73.560,421.357,20,3,0,0,1,2,0,0,LL./PL.
default,3,2,6,11,441.357,73.560,421.357,20,3,0,0,1,2,0,0,LL./PL.
default,3,2,6,12,441.357,73.560,421.357,20,3,0,0,1,2,0,0,LL./PL.
default,3,2,6,13,441.357,73.560,421.357,20,3,0,0,1,2,0,0,LL./PL.
default,3,2,6,14,441.357,73.560,421.357,20,3,0,0,1,2,0,0,LL./PL.
default,3,2,6,15,441.357,73.560,421.357,20,3,0,0,1,2,0,0,LL./PL.
default,3,2,6,16,441.357,73.560,421.357,20,3,0,0,1,2,0,0,LL./PL.
default,3,2,6,17,441.357,73.560,421.357,20,3,0,0,1,2,0,0,LL./PL.
default,3,2,6,18,441.357,73.560,421.357,20,3,0,0,1,2,0,0,LL./PL.
default,3,2,6,19,441.357,73.560,421.357,20,3,0,0,1,2,0,0,LL./PL.
default,3,2,6,20,441.357,73.560,421.357,20,3,0,0,1,2,0,0,LL./PL.
default,3,3,9,1,568.097,63.122,548.097,20,5,0,0,1,3,0,0,LPL/LLL/...
default,3,3,9,2,568.097,63.122,548.097,20,5,0,0,1,3,0,0,LPL/LLL/...
default,3,3,9,3,568.097,63.122,548.097,20,5,0,0,1,3,0,0,LPL/LLL/...
default,3,3,9,4,568.097,63.122,548.097,20,5,0,0,1,3,0,0,LPL/LLL/...
default,3,3,9,5,568.097,63.122,548.097,20,5,0,0,1,3,0,0,LPL/LLL/...
default,3,3,9,6,568.097,63.122,548.097,20,5,0,0,1,3,0,0,LPL/LLL/...
default,3,3,9,7,568.097,63.122,548.097,20,5,0,0,1,3,0,0,LPL/LLL/...
default,3,3,9,8,568.097,63.122,548.097,20,5,0,0,1,3,0,0,LPL/LLL/...
default,3,3,9,9,568.097,63.122,548.097,20,5,0,0,1,3,0,0,LPL/LLL/...
default,3,3,9,10,568.097,63.122,548.097,20,5,0,0,1,3,0,0,LPL/LLL/...
default,3,3,9,11,568.097,63.122,548.097,20,5,0,0,1,3,0,0,LPL/LLL/...
default,3,3,9,12,568.097,63.122,548.097,20,5,0,0,1,3,0,0,LPL/LLL/...
default,3,3,9,13,568.097,63.122,548.097,20,5,0,0,1,3,0,0,LPL/LLL/...
default,3,3,9,14,568.097,63.122,548.097,20,5,0,0,1,3,0,0,LPL/LLL/...
default,3,3,9,15,568.097,63.122,548.097,20,5,0,0,1,3,0,0,LPL/LLL/...
default,3,3,9,16,568.097,63.122,548.097,20,5,0,0,1,3,0,0,LPL/LLL/...
default,3,3,9,17,568.097,63.122,548.097,20,5,0,0,1,3,0,0,LPL/LLL/...
default,3,3,9,18,568.097,63.122,548.097,20,5,0,0,1,3,0,0,LPL/LLL/...
default,3,3,9,19,568.097,63.122,548.097,20,5,0,0,1,3,0,0,LPL/LLL/...
default,3,3,9,20,568.097,63.122,548.097,20,5,0,0,1,3,0,0,LPL/LLL/...
default,3,4,12,1,950.816,79.235,910.816,40,6,0,0,2,4,0,0,.LL/.PL/.LL/.LP
default,3,4,12,2,950.816,79.235,910.816,40,6,0,0,2,4,0,0,.LL/.PL/.LL/.LP
default,3,4,12,3,950.816,79.235,910.816,40,6,0,0,2,4,0,0,LP./LL./PL./LL.
default,3,4,12,4,950.816,79.235,910.816,40,6,0,0,2,4,0,0,PL./LL./LP./LL.
default,3,4,12,5,950.816,79.235,910.816,40,6,0,0,2,4,0,0,PL./LL./LP./LL.
default,3,4,12,6,950.816,79.235,910.816,40,6,0,0,2,4,0,0,L.L/P.L/L.L/L.P
default,3,4,12,7,950.816,79.235,910.816,40,6,0,0,2,4,0,0,.LL/.PL/.LL/.LP
default,3,4,12,8,950.816,79.235,910.816,40,6,0,0,2,4,0,0,LL./LP./LL./PL.
default,3,4,12,9,950.816,79.235,910.816,40,6,0,0,2,4,0,0,LL./PL./LL./LP.
default,3,4,12,10,950.816,79.235,910.816,40,6,0,0,2,4,0,0,LL./PL./LL./LP.
default,3,4,12,11,950.816,79.235,910.816,40,6,0,0,2,4,0,0,L.L/L.P/L.L/P.L
default,3,4,12,12,950.816,79.235,910.816,40,6,0,0,2,4,0,0,LP./LL./PL./LL.
default,3,4,12,13,950.816,79.235,910.816,40,6,0,0,2,4,0,0,.LL/.LP/.LL/.PL
default,3,4,12,14,950.816,79.235,910.816,40,6,0,0,2,4,0,0,.LL/.PL/.LL/.LP
default,3,4,12,15,950.816,79.235,910.816,40,6,0,0,2,4,0,0,L.L/L.P/L.L/P.L
default,3,4,12,16,950.816,79.235,910.816,40,6,0,0,2,4,0,0,PL./LL./LP./LL.
default,3,4,12,17,950.816,79.235,910.816,40,6,0,0,2,4,0,0,LL./LP./LL./PL.
default,3,4,12,18,950.816,79.235,910.816,40,6,0,0,2,4,0,0,LL./PL./LL./LP.
default,3,4,12,19,950.816,79.235,910.816,40,6,0,0,2,4,0,0,.LP/.LL/.PL/.LL
default,3,4,12,20,950.816,79.235,910.816,40,6,0,0,2,4,0,0,LL./LP./LL./PL.
default,3,5,15,1,1084.030,72.269,1044.030,40,8,0,0,2,5,0,0,LP./LLL/LLL/PL./...
default,3,5,15,2,1084.030,72.269,1044.030,40,8,0,0,2,5,0,0,L.L/P.L/.../LLP/LLL
default,3,5,15,3,1084.030,72.269,1044.030,40,8,0,0,2,5,0,0,LLL/LP./.../PL./LLL
default,3,5,15,4,1084.030,72.269,1044.030,40,8,0,0,2,5,0,0,LLL/.LL/.PL/.../LLP
default,3,5,15,5,1084.030,72.269,1044.030,40,8,0,0,2,5,0,0,LLL/LLL/PL./.../LP.
default,3,5,15,6,1084.030,72.269,1044.030,40,8,0,0,2,5,0,0,LLL/LP./.../PL./LLL
default,3,5,15,7,1084.030,72.269,1044.030,40,8,0,0,2,5,0,0,LLL/LP./.../PL./LLL
default,3,5,15,8,1084.030,72.269,1044.030,40,8,0,0,2,5,0,0,LLL/.PL/.../.LP/LLL
default,3,5,15,9,1084.030,72.269,1044.030,40,8,0,0,2,5,0,0,LLL/.LL/.PL/.../LLP
default,3,5,15,10,1084.030,72.269,1044.030,40,8,0,0,2,5,0,0,LLL/LLP/.../P.L/L.L
default,3,5,15,11,1084.030,72.269,1044.030,40,8,0,0,2,5,0,0,LLL/LLL/P.L/.../L.P
default,3,5,15,12,1084.030,72.269,1044.030,40,8,0,0,2,5,0,0,LLL/LLP/.../P.L/L.L
default,3,5,15,13,1084.030,72.269,1044.030,40,8,0,0,2,5,0,0,LLL/LLP/.../P.L/L.L
default,3,5,15,14,1084.030,72.269,1044.030,40,8,0,0,2,5,0,0,PL./LLL/LLL/LP./...
default,3,5,15,15,1084.030,72.269,1044.030,40,8,0,0,2,5,0,0,L.L/LLL/LLP/.../P.L
default,3,5,15,16,1084.030,72.269,1044.030,40,8,0,0,2,5,0,0,LLL/LP./.../PL./LLL
default,3,5,15,17,1084.030,72.269,1044.030,40,8,0,0,2,5,0,0,.../L.P/LLL/LLL/P.L
default,3,5,15,18,1084.030,72.269,1044.030,40,8,0,0,2,5,0,0,LLL/LL./PL./.../LPL
default,3,5,15,19,1084.030,72.269,1044.030,40,8,0,0,2,5,0,0,.../L.P/L.L/LLL/PLL
default,3,5,15,20,1084.030,72.269,1044.030,40,8,0,0,2,5,0,0,.LL/LLL/LLP/.../.PL
default,3,6,18,1,1325.086,73.616,1265.086,60,9,0,0,3,6,0,0,LL./PLL/LLL/P.L/.../LP.
default,3,6,18,2,1365.038,75.835,1305.038,60,9,0,0,3,6,0,0,L.L/L.P/L.L/P.L/L.L/L.P
default,3,6,18,3,1365.038,75.835,1305.038,60,9,0,0,3,6,0,0,LL./LP./LL./PL./LL./LP.
default,3,6,18,4,1365.038,75.835,1305.038,60,9,0,0,3,6,0,0,L.P/L.L/P.L/L.L/P.L/L.L
default,3,6,18,5,1365.038,75.835,1305.038,60,9,0,0,3,6,0,0,LP./LL./PL./LL./LP./LL.
default,3,6,18,6,1365.038,75.835,1305.038,60,9,0,0,3,6,0,0,L.P/L.L/L.P/L.L/P.L/L.L
default,3,6,18,7,1325.086,73.616,1265.086,60,9,0,0,3,6,0,0,.PL/LLL/LPL/LL./PL./...
default,3,6,18,8,1325.086,73.616,1265.086,60,9,0,0,3,6,0,0,LLL/PLL/L.L/L.P/.../PL.
default,3,6,18,9,1365.038,75.835,1305.038,60,9,0,0,3,6,0,0,LL./LP./LL./PL./LL./LP.
default,3,6,18,10,1365.038,75.835,1305.038,60,9,0,0,3,6,0,0,LP./LL./PL./LL./PL./LL.
default,3,6,18,11,1365.038,75.835,1305.038,60,9,0,0,3,6,0,0,.LL/.PL/.LL/.LP/.LL/.LP
default,3,6,18,12,1325.086,73.616,1265.086,60,9,0,0,3,6,0,0,PL./LLL/PLL/L.L/L.P/...
default,3,6,18,13,1325.086,73.616,1265.086,60,9,0,0,3,6,0,0,.../.LP/.LL/LPL/LLL/LP.
default,3,6,18,14,1365.038,75.835,1305.038,60,9,0,0,3,6,0,0,LL./LP./LL./LP./LL./PL.
default,3,6,18,15,1325.086,73.616,1265.086,60,9,0,0,3,6,0,0,PL./LLL/PLL/L.L/L.P/...
default,3,6,18,16,1365.038,75.835,1305.038,60,9,0,0,3,6,0,0,LL./PL./LL./LP./LL./LP.
default,3,6,18,17,1325.086,73.616,1265.086,60,9,0,0,3,6,0,0,LL./PLL/LLL/P.L/.../LP.
default,3,6,18,18,1325.086,73.616,1265.086,60,9,0,0,3,6,0,0,LLL/LPL/LL./PL./.../.PL
default,3,6,18,19,1365.038,75.835,1305.038,60,9,0,0,3,6,0,0,PL./LL./LP./LL./PL./LL.
default,3,6,18,20,1365.038,75.835,1305.038,60,9,0,0,3,6,0,0,.LL/.LP/.LL/.PL/.LL/.LP
default,3,7,21,1,1495.900,71.233,1435.900,60,11,0,0,3,7,0,0,LL./PL./LL./PL./LL./PL./LL.
default,3,7,21,2,1495.900,71.233,1435.900,60,11,0,0,3,7,0,0,LL./PL./LL./PL./LL./PL./LL.
default,3,7,21,3,1495.900,71.233,1435.900,60,11,0,0,3,7,0,0,LL./PL./LL./PL./LL./PL./LL.
default,3,7,21,4,1495.900,71.233,1435.900,60,11,0,0,3,7,0,0,LL./PL./LL./PL./LL./PL./LL.
default,3,7,21,5,1495.900,71.233,1435.900,60,11,0,0,3,7,0,0,LL./PL./LL./PL./LL./PL./LL.
default,3,7,21,6,1495.900,71.233,1435.900,60,11,0,0,3,7,0,0,LL./PL./LL./PL./LL./PL./LL.
default,3,7,21,7,1495.900,71.233,1435.900,60,11,0,0,3,7,0,0,LL./PL./LL./PL./LL./PL./LL.
default,3,7,21,8,1495.900,71.233,1435.900,60,11,0,0,3,7,0,0,LL./PL./LL./PL./LL./PL./LL.
default,3,7,21,9,1495.900,71.233,1435.900,60,11,0,0,3,7,0,0,LL./PL./LL./PL./LL./PL./LL.
default,3,7,21,10,1495.900,71.233,1435.900,60,11,0,0,3,7,0,0,LL./PL./LL./PL./LL./PL./LL.
default,3,7,21,11,1495.900,71.233,1435.900,60,11,0,0,3,7,0,0,LL./PL./LL./PL./LL./PL./LL.
default,3,7,21,12,1495.900,71.233,1435.900,60,11,0,0,3,7,0,0,LL./PL./LL./PL./LL./PL./LL.
default,3,7,21,13,1495.900,71.233,1435.900,60,11,0,0,3,7,0,0,LL./PL./LL./PL./LL./PL./LL.
default,3,7,21,14,1495.900,71.233,1435.900,60,11,0,0,3,7,0,0,LL./PL./LL./PL./LL./PL./LL.
default,3,7,21,15,1495.900,71.233,1435.900,60,11,0,0,3,7,0,0,LL./PL./LL./PL./LL./PL./LL.
default,3,7,21,16,1495.900,71.233,1435.900,60,11,0,0,3,7,0,0,LL./PL./LL./PL./LL./PL./LL.
default,3,7,21,17,1495.900,71.233,1435.900,60,11,0,0,3,7,0,0,LL./PL./LL./PL./LL./PL./LL.
default,3,7,21,18,1495.900,71.233,1435.900,60,11,0,0,3,7,0,0,LL./PL./LL./PL./LL./PL./LL.
default,3,7,21,19,1495.900,71.233,1435.900,60,11,0,0,3,7,0,0,LL./PL./LL./PL./LL./PL./LL.
default,3,7,21,20,1495.900,71.233,1435.900,60,11,0,0,3,7,0,0,LL./PL./LL./PL./LL./PL./LL.
default,4,2,8,1,542.756,67.845,522.756,20,4,0,0,1,3,0,0,..LL/.PLL
default,4,2,8,2,542.756,67.845,522.756,20,4,0,0,1,3,0,0,.LL./.LLP
default,4,2,8,3,542.756,67.845,522.756,20,4,0,0,1,3,0,0,LP.L/L..L
default,4,2,8,4,542.756,67.845,522.756,20,4,0,0,1,3,0,0,LL../LLP.
default,4,2,8,5,542.756,67.845,522.756,20,4,0,0,1,3,0,0,.PLL/..LL
default,4,2,8,6,542.756,67.845,522.756,20,4,0,0,1,3,0,0,LL../LLP.
default,4,2,8,7,542.756,67.845,522.756,20,4,0,0,1,3,0,0,LL.P/LL..
default,4,2,8,8,542.756,67.845,522.756,20,4,0,0,1,3,0,0,LL.P/LL..
default,4,2,8,9,542.756,67.845,522.756,20,4,0,0,1,3,0,0,LL../LL.P
default,4,2,8,10,542.756,67.845,522.756,20,4,0,0,1,3,0,0,L.PL/L..L
default,4,2,8,11,542.756,67.845,522.756,20,4,0,0,1,3,0,0,..LL/P.LL
default,4,2,8,12,542.756,67.845,522.756,20,4,0,0,1,3,0,0,L..L/L.PL
default,4,2,8,13,542.756,67.845,522.756,20,4,0,0,1,3,0,0,.LLP/.LL.
default,4,2,8,14,542.756,67.845,522.756,20,4,0,0,1,3,0,0,L..L/L.PL
default,4,2,8,15,542.756,67.845,522.756,20,4,0,0,1,3,0,0,L..L/LP.L
default,4,2,8,16,542.756,67.845,522.756,20,4,0,0,1,3,0,0,.LLP/.LL.
default,4,2,8,17,542.756,67.845,522.756,20,4,0,0,1,3,0,0,LL../LLP.
default,4,2,8,18,542.756,67.845,522.756,20,4,0,0,1,3,0,0,LP.L/L..L
default,4,2,8,19,542.756,67.845,522.756,20,4,0,0,1,3,0,0,..LL/P.LL
default,4,2,8,20,542.756,67.845,522.756,20,4,0,0,1,3,0,0,.PLL/..LL
default,4,3,12,1,950.816,79.235,910.816,40,6,0,0,2,4,0,0,LLLP/..../LPLL
default,4,3,12,2,950.816,79.235,910.816,40,6,0,0,2,4,0,0,LLLP/..../LPLL
default,4,3,12,3,950.816,79.235,910.816,40,6,0,0,2,4,0,0,LLLP/LPLL/....
default,4,3,12,4,950.816,79.235,910.816,40,6,0,0,2,4,0,0,LPLL/..../LLLP
default,4,3,12,5,950.816,79.235,910.816,40,6,0,0,2,4,0,0,LLLP/LPLL/....
default,4,3,12,6,950.816,79.235,910.816,40,6,0,0,2,4,0,0,..../LLPL/PLLL
default,4,3,12,7,950.816,79.235,910.816,40,6,0,0,2,4,0,0,LLPL/..../PLLL
default,4,3,12,8,950.816,79.235,910.816,40,6,0,0,2,4,0,0,LLLP/LPLL/....
default,4,3,12,9,950.816,79.235,910.816,40,6,0,0,2,4,0,0,LLPL/PLLL/....
default,4,3,12,10,950.816,79.235,910.816,40,6,0,0,2,4,0,0,LPLL/LLLP/....
default,4,3,12,11,950.816,79.235,910.816,40,6,0,0,2,4,0,0,LLLP/..../LPLL
default,4,3,12,12,950.816,79.235,910.816,40,6,0,0,2,4,0,0,..../LLPL/PLLL
default,4,3,12,13,950.816,79.235,910.816,40,6,0,0,2,4,0,0,..../LPLL/LLLP
default,4,3,12,14,950.816,79.235,910.816,40,6,0,0,2,4,0,0,..../LLLP/LPLL
default,4,3,12,15,950.816,79.235,910.816,40,6,0,0,2,4,0,0,LLPL/..../PLLL
default,4,3,12,16,950.816,79.235,910.816,40,6,0,0,2,4,0,0,PLLL/..../LLPL
default,4,3,12,17,950.816,79.235,910.816,40,6,0,0,2,4,0,0,LLLP/LPLL/....
default,4,3,12,18,950.816,79.235,910.816,40,6,0,0,2,4,0,0,LPLL/LLLP/....
default,4,3,12,19,950.816,79.235,910.816,40,6,0,0,2,4,0,0,LLPL/PLLL/....
default,4,3,12,20,950.816,79.235,910.816,40,6,0,0,2,4,0,0,LPLL/..../LLLP
default,4,4,16,1,1150.436,71.902,1090.436,60,7,0,0,3,5,0,0,LLPL/..../.LPL/PL.L
default,4,4,16,2,1150.436,71.902,1090.436,60,7,0,0,3,5,0,0,LL.L/PL../LL.L/.P.P
default,4,4,16,3,1150.436,71.902,1090.436,60,7,0,0,3,5,0,0,.LPL/PL.L/LLPL/....
default,4,4,16,4,1150.436,71.902,1090.436,60,7,0,0,3,5,0,0,LLL./.PL./LLL./P.P.
default,4,4,16,5,1150.436,71.902,1090.436,60,7,0,0,3,5,0,0,.LLL/.P.P/.LLL/..PL
default,4,4,16,6,1150.436,71.902,1090.436,60,7,0,0,3,5,0,0,LPLL/..../LPL./L.LP
default,4,4,16,7,1150.436,71.902,1090.436,60,7,0,0,3,5,0,0,PL.L/.LPL/..../LLPL
default,4,4,16,8,1150.436,71.902,1090.436,60,7,0,0,3,5,0,0,LLL./P.P./LLL./LP..
default,4,4,16,9,1150.436,71.902,1090.436,60,7,0,0,3,5,0,0,.LPL/..../LLPL/PL.L
default,4,4,16,10,1150.436,71.902,1090.436,60,7,0,0,3,5,0,0,LPL./L.LP/LPLL/....
default,4,4,16,11,1150.436,71.902,1090.436,60,7,0,0,3,5,0,0,PLLL/..../PL.L/.LPL
default,4,4,16,12,1150.436,71.902,1090.436,60,7,0,0,3,5,0,0,.LLL/..PL/.LLL/.P.P
default,4,4,16,13,1150.436,71.902,1090.436,60,7,0,0,3,5,0,0,LLLP/..../L.LP/LPL.
default,4,4,16,14,1150.436,71.902,1090.436,60,7,0,0,3,5,0,0,.LPL/PL.L/..../PLLL
default,4,4,16,15,1150.436,71.902,1090.436,60,7,0,0,3,5,0,0,LLL./.PL./LLL./P.P.
default,4,4,16,16,1150.436,71.902,1090.436,60,7,0,0,3,5,0,0,P.P./L.LL/L..P/L.LL
default,4,4,16,17,1150.436,71.902,1090.436,60,7,0,0,3,5,0,0,L.LL/P.P./L.LL/..LP
default,4,4,16,18,1150.436,71.902,1090.436,60,7,0,0,3,5,0,0,.P.P/.LLL/.LP./.LLL
default,4,4,16,19,1150.436,71.902,1090.436,60,7,0,0,3,5,0,0,LLLP/LPL./L.LP/....
default,4,4,16,20,1150.436,71.902,1090.436,60,7,0,0,3,5,0,0,L.LP/LPLL/..../LPL.
default,4,5,20,1,1510.126,75.506,1430.126,80,9,0,0,4,7,0,0,PLPL/..../.PLP/..LL/LLLL
default,4,5,20,2,1510.126,75.506,1430.126,80,9,0,0,4,7,0,0,..../LP.P/LL../LLLL/PLPL
default,4,5,20,3,1492.089,74.604,1432.089,60,10,0,0,3,7,0,0,LLPL/LLLL/LL../PLP./....
default,4,5,20,4,1510.126,75.506,1430.126,80,9,0,0,4,7,0,0,LPLP/LLLL/L..L/P.PL/....
default,4,5,20,5,1510.126,75.506,1430.126,80,9,0,0,4,7,0,0,L..L/P.PL/..../LPLP/LLLL
default,4,5,20,6,1510.126,75.506,1430.126,80,9,0,0,4,7,0,0,LP.P/..../PLPL/LLLL/LL..
default,4,5,20,7,1510.126,75.506,1430.126,80,9,0,0,4,7,0,0,..../LPLP/LLLL/..LL/P.PL
default,4,5,20,8,1510.126,75.506,1430.126,80,9,0,0,4,7,0,0,PLPL/LLLL/LL../LP.P/....
default,4,5,20,9,1510.126,75.506,1430.126,80,9,0,0,4,7,0,0,LPLP/LLLL/.LL./PLP./....
default,4,5,20,10,1510.126,75.506,1430.126,80,9,0,0,4,7,0,0,..../PLPL/LLLL/.LL./.PLP
default,4,5,20,11,1510.126,75.506,1430.126,80,9,0,0,4,7,0,0,PLPL/..../LP.P/LL../LLLL
default,4,5,20,12,1510.126,75.506,1430.126,80,9,0,0,4,7,0,0,..../P.PL/..LL/LLLL/LPLP
default,4,5,20,13,1510.126,75.506,1430.126,80,9,0,0,4,7,0,0,LLLL/LPLP/..../P.PL/L..L
default,4,5,20,14,1510.126,75.506,1430.126,80,9,0,0,4,7,0,0,..LL/LLLL/PLPL/..../.PLP
default,4,5,20,15,1510.126,75.506,1430.126,80,9,0,0,4,7,0,0,LPLP/..../PLP./LL../LLLL
default,4,5,20,16,1510.126,75.506,1430.126,80,9,0,0,4,7,0,0,P.PL/..../LPLP/LLLL/..LL
default,4,5,20,17,1510.126,75.506,1430.126,80,9,0,0,4,7,0,0,PLPL/LLLL/..LL/.PLP/....
default,4,5,20,18,1510.126,75.506,1430.126,80,9,0,0,4,7,0,0,LLLL/LPLP/..../PLP./.LL.
default,4,5,20,19,1510.126,75.506,1430.126,80,9,0,0,4,7,0,0,LLLL/PLPL/..../.PLP/.LL.
default,4,5,20,20,1510.126,75.506,1430.126,80,9,0,0,4,7,0,0,..../PLPL/LLLL/.LL./.PLP
default,4,6,24,1,1862.638,77.610,1762.638,100,11,0,0,5,8,0,0,LP.P/LL../LP.P/LL.L/L..P/LL.L
default,4,6,24,2,1868.522,77.855,1768.522,100,11,0,0,5,8,0,0,P..L/L.LL/P.PL/..../PLPL/LLLL
default,4,6,24,3,1845.495,76.896,1765.495,80,12,0,0,4,8,0,0,LLLP/LPLL/..../LL.P/LP.L/L..L
default,4,6,24,4,1868.522,77.855,1768.522,100,11,0,0,5,8,0,0,.LLL/.PLP/..../LPLP/LLLL/..LP
default,4,6,24,5,1868.522,77.855,1768.522,100,11,0,0,5,8,0,0,..../P.PL/L.LL/..PL/LLLL/PLPL
default,4,6,24,6,1868.522,77.855,1768.522,100,11,0,0,5,8,0,0,..../LPLP/LLLL/..LP/.LLL/.PLP
default,4,6,24,7,1868.522,77.855,1768.522,100,11,0,0,5,8,0,0,.LLL/..LP/LLLL/LPLP/..../.PLP
default,4,6,24,8,1862.638,77.610,1762.638,100,11,0,0,5,8,0,0,..LL/.PLP/.LLL/.PL./.LLL/.PLP
default,4,6,24,9,1868.522,77.855,1768.522,100,11,0,0,5,8,0,0,P.PL/L.LL/P..L/LLLL/PLPL/....
default,4,6,24,10,1868.522,77.855,1768.522,100,11,0,0,5,8,0,0,LPLP/LLLL/..LP/.LLL/.PLP/....
default,4,6,24,11,1868.522,77.855,1768.522,100,11,0,0,5,8,0,0,..../LPLP/LLLL/L..P/LL.L/LP.P
default,4,6,24,12,1868.522,77.855,1768.522,100,11,0,0,5,8,0,0,LLLL/LPLP/..../LP.P/LL.L/L..P
default,4,6,24,13,1868.522,77.855,1768.522,100,11,0,0,5,8,0,0,PLP./LLL./PL../LLLL/PLPL/....
default,4,6,24,14,1862.638,77.610,1762.638,100,11,0,0,5,8,0,0,L.LL/P.PL/..LL/P.PL/L.LL/P..L
default,4,6,24,15,1868.522,77.855,1768.522,100,11,0,0,5,8,0,0,LPLP/..../LP.P/LL.L/L..P/LLLL
default,4,6,24,16,1868.522,77.855,1768.522,100,11,0,0,5,8,0,0,P.PL/L.LL/P..L/LLLL/PLPL/....
default,4,6,24,17,1862.638,77.610,1762.638,100,11,0,0,5,8,0,0,L.LL/P..L/L.LL/P.PL/..LL/P.PL
default,4,6,24,18,1862.638,77.610,1762.638,100,11,0,0,5,8,0,0,LL.L/LP../LL.L/LP.P/L..L/LP.P
default,4,6,24,19,1868.522,77.855,1768.522,100,11,0,0,5,8,0,0,LLLL/LPLP/..../.PLP/.LLL/..LP
default,4,6,24,20,1817.540,75.731,1757.540,60,12,0,0,4,8,0,0,..PL/P.LL/..PL/.LLL/.LPL/.LLL
default,4,7,28,1,2081.251,74.330,2001.251,80,13,0,0,5,9,0,0,LPLP/L.LL/LPL./..../LP.L/L..P/L.LL
default,4,7,28,2,2167.980,77.428,2087.980,80,14,0,0,5,9,0,0,L..P/LLLL/LPLP/LLL./..../LL.P/LP.L
default,4,7,28,3,2167.980,77.428,2087.980,80,14,0,0,5,9,0,0,LLL./PL../LLLL/PLPL/.LLL/..../PLP.
default,4,7,28,4,2167.980,77.428,2087.980,80,14,0,0,5,9,0,0,LLL./LPLP/LLLL/L..P/LL.L/LP.P/....
default,4,7,28,5,2050.950,73.248,1970.950,80,13,0,0,5,9,0,0,LPL./LLLP/..../.PLP/..LL/L.LL/L.LP
default,4,7,28,6,2167.980,77.428,2087.980,80,14,0,0,5,9,0,0,P.LL/L.PL/..../LL.L/PLPL/LLLL/..PL
default,4,7,28,7,2065.237,73.758,1965.237,100,13,0,0,5,9,0,0,LPL./L.LL/LPLP/..LL/.LLL/.PLP/....
default,4,7,28,8,2167.980,77.428,2087.980,80,14,0,0,5,9,0,0,LLL./..../LL.P/LP.L/L..P/LLLL/LPLP
default,4,7,28,9,2167.980,77.428,2087.980,80,14,0,0,5,9,0,0,LLLL/LP../LL.L/LP.P/..../L.LL/LPLP
default,4,7,28,10,2167.980,77.428,2087.980,80,14,0,0,5,9,0,0,L..P/LL.L/LP.P/..../LLL./LPLP/LLLL
default,4,7,28,11,2167.980,77.428,2087.980,80,14,0,0,5,9,0,0,LLL./..../.PLP/.LLL/..LP/LLLL/LPLP
default,4,7,28,12,2167.980,77.428,2087.980,80,14,0,0,5,9,0,0,PL../LLL./PLP./..../.LLL/PLPL/LLLL
default,4,7,28,13,2091.813,74.708,1991.813,100,13,0,0,5,9,0,0,.LP./.LLL/.LPL/..../PL.L/.LPL/PLLL
default,4,7,28,14,2167.980,77.428,2087.980,80,14,0,0,5,9,0,0,LLLL/LPLP/LLL./..../LP.P/LL.L/L..P
default,4,7,28,15,2043.646,72.987,1943.646,100,13,0,0,5,10,0,0,PLL./.LP./.LLL/.LLP/.LL./PLL./.LP.
default,4,7,28,16,2167.980,77.428,2087.980,80,14,0,0,5,9,0,0,..../L.PL/P.LL/..PL/LLLL/PLPL/LL.L
default,4,7,28,17,2152.829,76.887,2072.829,80,14,0,0,5,9,0,0,LLP./..../LLLL/PLPL/.LLL/.LP./PLL.
default,4,7,28,18,2081.251,74.330,2001.251,80,13,0,0,5,9,0,0,.LLP/.PL./LLL./LPLP/LLL./L.LP/....
default,4,7,28,19,2167.980,77.428,2087.980,80,14,0,0,5,9,0,0,LLLL/LPLP/L.LL/..../.PLP/.LLL/.PL.
default,4,7,28,20,2086.101,74.504,1986.101,100,13,0,0,5,9,0,0,..../PLLL/LLPL/..../.LPL/PL.L/LLPL
default,5,2,10,1,675.904,67.590,635.904,40,4,0,0,2,4,0,0,.LLLP/.PL..
default,5,2,10,2,675.904,67.590,635.904,40,4,0,0,2,4,0,0,.LLP./PLL..
default,5,2,10,3,675.904,67.590,635.904,40,4,0,0,2,4,0,0,LP.../LL.PL
default,5,2,10,4,675.904,67.590,635.904,40,4,0,0,2,4,0,0,LLP../LL..P
default,5,2,10,5,675.904,67.590,635.904,40,4,0,0,2,4,0,0,..LLP/.PLL.
default,5,2,10,6,675.904,67.590,635.904,40,4,0,0,2,4,0,0,..LP./PLLL.
default,5,2,10,7,675.904,67.590,635.904,40,4,0,0,2,4,0,0,L.PLL/P...L
default,5,2,10,8,675.904,67.590,635.904,40,4,0,0,2,4,0,0,..PL./P.LLL
default,5,2,10,9,675.904,67.590,635.904,40,4,0,0,2,4,0,0,P..LL/..PLL
default,5,2,10,10,675.904,67.590,635.904,40,4,0,0,2,4,0,0,P.LLL/..PL.
default,5,2,10,11,675.904,67.590,635.904,40,4,0,0,2,4,0,0,.PLLL/...LP
default,5,2,10,12,675.904,67.590,635.904,40,4,0,0,2,4,0,0,LL.PL/LP...
default,5,2,10,13,675.904,67.590,635.904,40,4,0,0,2,4,0,0,LLL.P/.LP..
default,5,2,10,14,675.904,67.590,635.904,40,4,0,0,2,4,0,0,LLL.P/.LP..
default,5,2,10,15,675.904,67.590,635.904,40,4,0,0,2,4,0,0,LP..L/L..PL
default,5,2,10,16,675.904,67.590,635.904,40,4,0,0,2,4,0,0,.LP../LLL.P
default,5,2,10,17,675.904,67.590,635.904,40,4,0,0,2,4,0,0,LL..P/LLP..
default,5,2,10,18,675.904,67.590,635.904,40,4,0,0,2,4,0,0,L...P/LLP.L
default,5,2,10,19,675.904,67.590,635.904,40,4,0,0,2,4,0,0,..PL./P.LLL
default,5,2,10,20,675.904,67.590,635.904,40,4,0,0,2,4,0,0,..LP./PLLL.
default,5,3,15,1,1084.030,72.269,1044.030,40,8,0,0,2,5,0,0,.LLLP/.PLLL/.LL..
default,5,3,15,2,1084.030,72.269,1044.030,40,8,0,0,2,5,0,0,.LLLP/.PLLL/...LL
default,5,3,15,3,1084.030,72.269,1044.030,40,8,0,0,2,5,0,0,LL.PL/L...L/LP.LL
default,5,3,15,4,1084.030,72.269,1044.030,40,8,0,0,2,5,0,0,.LL../LLL.P/LLP.L
default,5,3,15,5,1084.030,72.269,1044.030,40,8,0,0,2,5,0,0,.LLLP/.PLLL/..LL.
default,5,3,15,6,1084.030,72.269,1044.030,40,8,0,0,2,5,0,0,LLL.P/LL.../LLP.L
default,5,3,15,7,1084.030,72.269,1044.030,40,8,0,0,2,5,0,0,.LLLP/.PLLL/...LL
default,5,3,15,8,1084.030,72.269,1044.030,40,8,0,0,2,5,0,0,LL.../LLL.P/LLP.L
default,5,3,15,9,1084.030,72.269,1044.030,40,8,0,0,2,5,0,0,PLLL./.LL../LLLP.
default,5,3,15,10,1084.030,72.269,1044.030,40,8,0,0,2,5,0,0,LL.../LP.LL/LL.PL
default,5,3,15,11,1084.030,72.269,1044.030,40,8,0,0,2,5,0,0,..LL./L.PLL/P.LLL
default,5,3,15,12,1084.030,72.269,1044.030,40,8,0,0,2,5,0,0,LLP.L/LLL.P/L...L
default,5,3,15,13,1084.030,72.269,1044.030,40,8,0,0,2,5,0,0,.LL../LLL.P/LLP.L
default,5,3,15,14,1084.030,72.269,1044.030,40,8,0,0,2,5,0,0,LL.../LLP.L/LLL.P
default,5,3,15,15,1084.030,72.269,1044.030,40,8,0,0,2,5,0,0,...LL/.PLLL/.LLLP
default,5,3,15,16,1084.030,72.269,1044.030,40,8,0,0,2,5,0,0,L.PLL/P.LLL/..LL.
default,5,3,15,17,1084.030,72.269,1044.030,40,8,0,0,2,5,0,0,LLL.P/LLP.L/.LL..
default,5,3,15,18,1084.030,72.269,1044.030,40,8,0,0,2,5,0,0,LLL.P/LLP.L/L...L
default,5,3,15,19,1084.030,72.269,1044.030,40,8,0,0,2,5,0,0,LP.LL/...LL/LL.PL
default,5,3,15,20,1084.030,72.269,1044.030,40,8,0,0,2,5,0,0,LLP.L/LL.../LLL.P
default,5,4,20,1,1510.126,75.506,1430.126,80,9,0,0,4,7,0,0,.LLLP/.PLLL/.LL.P/.PL..
default,5,4,20,2,1510.126,75.506,1430.126,80,9,0,0,4,7,0,0,P.LL./L.PLL/P.LLL/..PL.
default,5,4,20,3,1510.126,75.506,1430.126,80,9,0,0,4,7,0,0,.LLLP/.PLLL/...LP/.P.LL
default,5,4,20,4,1510.126,75.506,1430.126,80,9,0,0,4,7,0,0,L.P.L/P.LLL/L.PLL/P...L
default,5,4,20,5,1510.126,75.506,1430.126,80,9,0,0,4,7,0,0,P.LL./LLLP./PLLL./..LP.
default,5,4,20,6,1510.126,75.506,1430.126,80,9,0,0,4,7,0,0,LL.PL/.P.LL/...PL/LP.LL
default,5,4,20,7,1510.126,75.506,1430.126,80,9,0,0,4,7,0,0,LLL.P/LLP.L/.LL.P/.LP..
default,5,4,20,8,1510.126,75.506,1430.126,80,9,0,0,4,7,0,0,PLLL./LL.P./PL.../LLLP.
default,5,4,20,9,1510.126,75.506,1430.126,80,9,0,0,4,7,0,0,.PLLL/.LLLP/.PL../.LL.P
default,5,4,20,10,1510.126,75.506,1430.126,80,9,0,0,4,7,0,0,P.LL./..PL./P.LLL/L.PLL
default,5,4,20,11,1510.126,75.506,1430.126,80,9,0,0,4,7,0,0,LP.LL/LL.PL/.P.LL/...PL
default,5,4,20,12,1510.126,75.506,1430.126,80,9,0,0,4,7,0,0,L.P.L/L...P/LLP.L/LLL.P
default,5,4,20,13,1510.126,75.506,1430.126,80,9,0,0,4,7,0,0,.LP../.LL.P/LLP.L/LLL.P
default,5,4,20,14,1510.126,75.506,1430.126,80,9,0,0,4,7,0,0,.P.LL/.LLLP/.PLLL/...LP
default,5,4,20,15,1510.126,75.506,1430.126,80,9,0,0,4,7,0,0,PLLL./LLLP./P.LL./..LP.
default,5,4,20,16,1510.126,75.506,1430.126,80,9,0,0,4,7,0,0,LLLP./PLLL./LL.P./PL...
default,5,4,20,17,1510.126,75.506,1430.126,80,9,0,0,4,7,0,0,PLLL./LL.P./PL.../LLLP.
default,5,4,20,18,1510.126,75.506,1430.126,80,9,0,0,4,7,0,0,.LL.P/.PL../.LLLP/.PLLL
default,5,4,20,19,1510.126,75.506,1430.126,80,9,0,0,4,7,0,0,PLLL./LLLP./PL.../LL.P.
default,5,4,20,20,1510.126,75.506,1430.126,80,9,0,0,4,7,0,0,.LP../LLL.P/LLP.L/.LL.P
default,5,5,25,1,1846.327,73.853,1746.327,100,11,0,0,5,9,0,0,P.LLL/..LP./.PLLL/.LLLP/..PL.
default,5,5,25,2,1764.428,70.577,1684.428,80,12,0,0,4,9,0,0,.LL.P/.PL.L/.LLLL/.LLLP/.PL..
default,5,5,25,3,1846.327,73.853,1746.327,100,11,0,0,5,9,0,0,.P.../.LL.P/LLPLL/PLLLL/...PL
default,5,5,25,4,1846.327,73.853,1746.327,100,11,0,0,5,9,0,0,P..LL/L.PLL/...LP/.PLLL/..LPL
default,5,5,25,5,1846.327,73.853,1746.327,100,11,0,0,5,9,0,0,L.PLL/..LLP/.PLL./..LPL/P..LL
default,5,5,25,6,1846.327,73.853,1746.327,100,11,0,0,5,9,0,0,LP.../LL.LP/LLPLL/PLLL./...P.
default,5,5,25,7,1846.327,73.853,1746.327,100,11,0,0,5,9,0,0,P.LLL/..PLL/L..LP/LP.LL/...PL
default,5,5,25,8,1846.327,73.853,1746.327,100,11,0,0,5,9,0,0,.LL.P/LPLLL/LLLPL/P...L/..P..
default,5,5,25,9,1846.327,73.853,1746.327,100,11,0,0,5,9,0,0,P.LLL/L.PLL/L...P/LP.LL/...PL
default,5,5,25,10,1846.327,73.853,1746.327,100,11,0,0,5,9,0,0,PLLL./LLLPL/LP.LL/....P/.LP..
default,5,5,25,11,1846.327,73.853,1746.327,100,11,0,0,5,9,0,0,L...P/LLP.L/PL.../LL.PL/LP.LL
default,5,5,25,12,1774.595,70.984,1694.595,80,12,0,0,4,9,0,0,PLLL./LLLP./..LL./PLLP./LL...
default,5,5,25,13,1846.327,73.853,1746.327,100,11,0,0,5,9,0,0,LLPLL/.LLLP/.P.../...PL/PL.LL
default,5,5,25,14,1846.327,73.853,1746.327,100,11,0,0,5,9,0,0,LLLLP/LLP.L/P..../..LP./.PLLL
default,5,5,25,15,1774.595,70.984,1694.595,80,12,0,0,4,9,0,0,LLLP./..LL./PLLP./LL.../PLLL.
default,5,5,25,16,1774.595,70.984,1694.595,80,12,0,0,4,9,0,0,...../PL.PL/LL.LL/LLLL./LPLP.
default,5,5,25,17,1846.327,73.853,1746.327,100,11,0,0,5,9,0,0,LP..L/LLL.P/LLP../PL..L/L..PL
default,5,5,25,18,1764.428,70.577,1684.428,80,12,0,0,4,9,0,0,LP.L./LL.P./LP.../LL.PL/LL.LL
default,5,5,25,19,1846.327,73.853,1746.327,100,11,0,0,5,9,0,0,LLLP./.PL../.LLLP/.LPL./PLL..
default,5,5,25,20,1846.327,73.853,1746.327,100,11,0,0,5,9,0,0,PL.../...P./.P.LL/LLLLP/LLPLL
default,5,6,30,1,2232.442,74.415,2132.442,100,15,0,0,5,10,0,0,..LP./LLLLL/PLLPL/...../PLLP./LLLL.
default,5,6,30,2,2255.610,75.187,2155.610,100,15,0,0,5,10,0,0,LPLPL/LLLLL/.LP../LLL.L/LLP.P/.....
default,5,6,30,3,2211.215,73.707,2111.215,100,15,0,0,5,10,0,0,LL.../LPLP./LLLL./LP.../LL.LL/LP.LP
default,5,6,30,4,2225.625,74.187,2125.625,100,15,0,0,5,10,0,0,.PL../LLLLL/LPLPL/...../PLP.L/LLL.L
default,5,6,30,5,2255.610,75.187,2155.610,100,15,0,0,5,10,0,0,LLLLL/PLLPL/...../LLP.P/LLL.L/L...P
default,5,6,30,6,2333.338,77.778,2233.338,100,15,0,0,5,10,0,0,L.LLL/..PL./L.LLL/P.PLL/L...L/P.PLL
default,5,6,30,7,2255.610,75.187,2155.610,100,15,0,0,5,10,0,0,P.PLL/L.LLL/P...L/LLLLL/LPLLP/.....
default,5,6,30,8,2247.667,74.922,2147.667,100,15,0,0,5,10,0,0,PL.../LLLLL/PLLPL/...../PLPL./LLLL.
default,5,6,30,9,2255.610,75.187,2155.610,100,15,0,0,5,10,0,0,LPLLP/...../P.PLL/L.LLL/P...L/LLLLL
default,5,6,30,10,2259.705,75.324,2159.705,100,15,0,0,5,10,0,0,...LL/.PLLP/.LLLL/..PL./L.LLL/P.PLL
default,5,6,30,11,2247.667,74.922,2147.667,100,15,0,0,5,10,0,0,LLLLL/PLPLL/...../L.PLP/L.LLL/..PL.
default,5,6,30,12,2333.338,77.778,2233.338,100,15,0,0,5,10,0,0,L...L/P.PLL/L.LLL/..PL./L.LLL/P.PLL
default,5,6,30,13,2259.705,75.324,2159.705,100,15,0,0,5,10,0,0,.LLLL/.PLLP/..LL./P.PLL/L.LLL/...LP
default,5,6,30,14,2255.610,75.187,2155.610,100,15,0,0,5,10,0,0,...../PLPLL/LLLLL/.PL../.LLLL/.PLLP
default,5,6,30,15,2255.610,75.187,2155.610,100,15,0,0,5,10,0,0,LPLPL/...../LLP.P/LLL.L/.LP../LLLLL
default,5,6,30,16,2259.705,75.324,2159.705,100,15,0,0,5,10,0,0,.PLLP/..LL./P.PLL/L.LLL/...LP/.LLLL
default,5,6,30,17,2333.338,77.778,2233.338,100,15,0,0,5,10,0,0,.LP../LLL.L/LLP.P/L...L/LLP.P/LLL.L
default,5,6,30,18,2333.338,77.778,2233.338,100,15,0,0,5,10,0,0,...LP/.LLLL/.PLLP/.LL../.PLLP/.LLLL
default,5,6,30,19,2255.610,75.187,2155.610,100,15,0,0,5,10,0,0,LLLLL/LPLLP/...../PLLP./LLLL./PL...
default,5,6,30,20,2175.335,72.511,2075.335,100,14,0,0,5,11,0,0,....P/.LL.L/.PL.P/.LL../LLPLP/LLLLL
default,5,7,35,1,2664.233,76.121,2524.233,140,16,0,0,7,12,0,0,LLLPL/LPLLL/...LP/L.PLL/P.LLL/..P../P...L
default,5,7,35,2,2510.131,71.718,2390.131,120,17,0,0,6,12,0,0,LL.LP/...../.PLLL/.LLLP/.PL../.LLLP/LPLLL
default,5,7,35,3,2664.233,76.121,2524.233,140,16,0,0,7,12,0,0,LLLPL/.PL../LLL.P/LLP.L/....P/.LP../PLLLL
default,5,7,35,4,2664.233,76.121,2524.233,140,16,0,0,7,12,0,0,LLP.L/LLL.P/LP.../LL.P./PLLL./LLLP./PL...
default,5,7,35,5,2664.233,76.121,2524.233,140,16,0,0,7,12,0,0,LLLP./P..../..LP./LPLLL/LLLLP/.LP../PLLL.
default,5,7,35,6,2504.064,71.545,2384.064,120,17,0,0,6,12,0,0,PLLLL/LLLPL/...../P.PL./LLLLL/LPLLP/.....
default,5,7,35,7,2548.917,72.826,2428.917,120,17,0,0,6,12,0,0,LL.LL/LL.PL/LP.../LL.PL/LP.LL/...PL/.P.LL
default,5,7,35,8,2510.131,71.718,2390.131,120,17,0,0,6,12,0,0,LLLL./PLLP./..LL./PLLP./LLLLL/P.LPL/.....
default,5,7,35,9,2664.233,76.121,2524.233,140,16,0,0,7,12,0,0,.PLLL/.LLLP/..PL./PLLL./LLLP./.PL../.LL.P
default,5,7,35,10,2514.032,71.829,2394.032,120,17,0,0,6,12,0,0,LL.P./LP.../LLLL./PLLP./...../LLPLP/LLLLL
default,5,7,35,11,2548.917,72.826,2428.917,120,17,0,0,6,12,0,0,P.P.L/L...L/P.PLL/L.LLL/P...L/L.PLL/L.LLL
default,5,7,35,12,2514.032,71.829,2394.032,120,17,0,0,6,12,0,0,P...L/L.P.L/LLLLL/LPLPL/...../L.LLP/L.PLL
default,5,7,35,13,2664.233,76.121,2524.233,140,16,0,0,7,12,0,0,.P.../.LLLP/.PLLL/..LP./PLLLL/LLPLL/...LP
default,5,7,35,14,2664.233,76.121,2524.233,140,16,0,0,7,12,0,0,....P/.PL../LLLPL/PLLLL/.LP../LLL.P/LLP.L
default,5,7,35,15,2510.131,71.718,2390.131,120,17,0,0,6,12,0,0,PLLLL/LLLPL/.LL../PLLP./LLLL./P.LP./.....
default,5,7,35,16,2514.032,71.829,2394.032,120,17,0,0,6,12,0,0,LL.LL/...LP/.P.LL/LLLLL/PLPLL/...../LP.PL
default,5,7,35,17,2510.131,71.718,2390.131,120,17,0,0,6,12,0,0,LLLLL/L.P.P/L...L/LLP.L/LLL.P/...../LLPLP
default,5,7,35,18,2664.233,76.121,2524.233,140,16,0,0,7,12,0,0,LP.../LLLPL/PLLLL/.LP../....P/LLP.L/LLL.P
default,5,7,35,19,2648.353,75.667,2508.353,140,16,0,0,7,12,0,0,.LP../....P/LP.LL/LL.PL/LP.../LLLPL/PLLLL
default,5,7,35,20,2548.917,72.826,2428.917,120,17,0,0,6,12,0,0,LLLL./PLLP./.LL../LLLP./PLLL./LL.P./PL...
default,6,2,12,1,921.501,76.792,881.501,40,6,0,0,2,4,0,0,P.PL.L/L.LL.L
default,6,2,12,2,921.501,76.792,881.501,40,6,0,0,2,4,0,0,.PL.LP/.LL.LL
default,6,2,12,3,921.501,76.792,881.501,40,6,0,0,2,4,0,0,L.LP.P/L.LL.L
default,6,2,12,4,921.501,76.792,881.501,40,6,0,0,2,4,0,0,L.LP.P/L.LL.L
default,6,2,12,5,921.501,76.792,881.501,40,6,0,0,2,4,0,0,LP.PL./LL.LL.
default,6,2,12,6,921.501,76.792,881.501,40,6,0,0,2,4,0,0,L.LL.L/P.PL.L
default,6,2,12,7,921.501,76.792,881.501,40,6,0,0,2,4,0,0,P.PL.L/L.LL.L
default,6,2,12,8,921.501,76.792,881.501,40,6,0,0,2,4,0,0,.LP.PL/.LL.LL
default,6,2,12,9,921.501,76.792,881.501,40,6,0,0,2,4,0,0,.LL.LL/.LP.PL
default,6,2,12,10,921.501,76.792,881.501,40,6,0,0,2,4,0,0,LP.PL./LL.LL.
default,6,2,12,11,921.501,76.792,881.501,40,6,0,0,2,4,0,0,LL.LL./LP.PL.
default,6,2,12,12,921.501,76.792,881.501,40,6,0,0,2,4,0,0,.LL.LL/.LP.PL
default,6,2,12,13,921.501,76.792,881.501,40,6,0,0,2,4,0,0,LL.LL./PL.LP.
default,6,2,12,14,921.501,76.792,881.501,40,6,0,0,2,4,0,0,LL.LL./PL.LP.
default,6,2,12,15,921.501,76.792,881.501,40,6,0,0,2,4,0,0,L.LP.P/L.LL.L
default,6,2,12,16,921.501,76.792,881.501,40,6,0,0,2,4,0,0,LP.PL./LL.LL.
default,6,2,12,17,921.501,76.792,881.501,40,6,0,0,2,4,0,0,L.LL.L/L.LP.P
default,6,2,12,18,921.501,76.792,881.501,40,6,0,0,2,4,0,0,L.LL.L/P.PL.L
default,6,2,12,19,921.501,76.792,881.501,40,6,0,0,2,4,0,0,LL.LL./PL.LP.
default,6,2,12,20,921.501,76.792,881.501,40,6,0,0,2,4,0,0,.PL.LP/.LL.LL
default,6,3,18,1,1325.086,73.616,1265.086,60,9,0,0,3,6,0,0,.LLLP./LLL.../PLPLL.
default,6,3,18,2,1365.038,75.835,1305.038,60,9,0,0,3,6,0,0,....../LPLPLL/LLLLLP
default,6,3,18,3,1325.086,73.616,1265.086,60,9,0,0,3,6,0,0,..LLL./L.PLPL/P..LLL
default,6,3,18,4,1325.086,73.616,1265.086,60,9,0,0,3,6,0,0,.LLPLP/...LLL/.PLLL.
default,6,3,18,5,1325.086,73.616,1265.086,60,9,0,0,3,6,0,0,..LLLP/.LLL../.PLPLL
default,6,3,18,6,1365.038,75.835,1305.038,60,9,0,0,3,6,0,0,....../LLLLPL/PLPLLL
default,6,3,18,7,1325.086,73.616,1265.086,60,9,0,0,3,6,0,0,.LLL../LLL..P/LPLP.L
default,6,3,18,8,1325.086,73.616,1265.086,60,9,0,0,3,6,0,0,PLP.LL/LL..PL/LLL...
default,6,3,18,9,1365.038,75.835,1305.038,60,9,0,0,3,6,0,0,LLPLPL/PLLLLL/......
default,6,3,18,10,1365.038,75.835,1305.038,60,9,0,0,3,6,0,0,....../LPLPLL/LLLLLP
default,6,3,18,11,1325.086,73.616,1265.086,60,9,0,0,3,6,0,0,L..PLL/LP.LLP/LL...L
default,6,3,18,12,1365.038,75.835,1305.038,60,9,0,0,3,6,0,0,LPLLLP/....../LLLPLL
default,6,3,18,13,1365.038,75.835,1305.038,60,9,0,0,3,6,0,0,LLLPLP/LPLLLL/......
default,6,3,18,14,1325.086,73.616,1265.086,60,9,0,0,3,6,0,0,L.PLPL/P..LLL/..LLL.
default,6,3,18,15,1365.038,75.835,1305.038,60,9,0,0,3,6,0,0,....../LPLLLL/LLLPLP
default,6,3,18,16,1325.086,73.616,1265.086,60,9,0,0,3,6,0,0,..PLLL/L...LL/P.LLPL
default,6,3,18,17,1365.038,75.835,1305.038,60,9,0,0,3,6,0,0,LPLPLL/LLLLLP/......
default,6,3,18,18,1325.086,73.616,1265.086,60,9,0,0,3,6,0,0,.PLPLL/..LLLP/.LLL..
default,6,3,18,19,1365.038,75.835,1305.038,60,9,0,0,3,6,0,0,....../LLLLLP/LPLPLL
default,6,3,18,20,1365.038,75.835,1305.038,60,9,0,0,3,6,0,0,LLLPLP/....../LPLLLL
default,6,4,24,1,1862.638,77.610,1762.638,100,11,0,0,5,8,0,0,LLLLLL/LPLP.P/....../L.LPLP
default,6,4,24,2,1868.522,77.855,1768.522,100,11,0,0,5,8,0,0,P.PLPL/..LL../P.PL.L/L.LLLL
default,6,4,24,3,1868.522,77.855,1768.522,100,11,0,0,5,8,0,0,LLLLL./PL.LP./LL..../PLPLP.
default,6,4,24,4,1901.631,79.235,1821.631,80,12,0,0,4,8,0,0,.PL.PL/.LL.LL/.LP.LP/.LL.LL
default,6,4,24,5,1868.522,77.855,1768.522,100,11,0,0,5,8,0,0,.LL.../.PL.LP/.LLLLL/.PLPLP
default,6,4,24,6,1862.638,77.610,1762.638,100,11,0,0,5,8,0,0,....../LPL.LP/LLLLLL/.PLPLP
default,6,4,24,7,1868.522,77.855,1768.522,100,11,0,0,5,8,0,0,PLP.PL/....LL/.LP.PL/LLL.LL
default,6,4,24,8,1868.522,77.855,1768.522,100,11,0,0,5,8,0,0,LPLP.P/LLLL.L/L.LP.P/..LL..
default,6,4,24,9,1901.631,79.235,1821.631,80,12,0,0,4,8,0,0,L.LL.L/P.LP.L/L.LL.L/L.PL.P
default,6,4,24,10,1868.522,77.855,1768.522,100,11,0,0,5,8,0,0,.LP.PL/.LL.../PLP.PL/LLL.LL
default,6,4,24,11,1868.522,77.855,1768.522,100,11,0,0,5,8,0,0,L....L/L.LP.P/LLLL.L/LPLP.P
default,6,4,24,12,1868.522,77.855,1768.522,100,11,0,0,5,8,0,0,P.PLPL/L.LLLL/P.PL.L/..LL..
default,6,4,24,13,1862.638,77.610,1762.638,100,11,0,0,5,8,0,0,LLLLLL/PLPLP./....../PL.LPL
default,6,4,24,14,1862.638,77.610,1762.638,100,11,0,0,5,8,0,0,.PLPLP/LLLLLL/LPL.LP/......
default,6,4,24,15,1868.522,77.855,1768.522,100,11,0,0,5,8,0,0,LPLP.P/..LL../L.LP.P/LLLL.L
default,6,4,24,16,1845.495,76.896,1765.495,80,12,0,0,4,8,0,0,PLLPL./LL..../LP.LP./LLLLL.
default,6,4,24,17,1868.522,77.855,1768.522,100,11,0,0,5,8,0,0,.LL.../PLP.PL/LLL.LL/.LP.PL
default,6,4,24,18,1845.495,76.896,1765.495,80,12,0,0,4,8,0,0,LLL.LL/LPL.PL/.LL.../.LP.LP
default,6,4,24,19,1868.522,77.855,1768.522,100,11,0,0,5,8,0,0,.LLLLL/.PLPLP/....LL/.PL.LP
default,6,4,24,20,1868.522,77.855,1768.522,100,11,0,0,5,8,0,0,LLLLL./PLPLP./LL..../PL.LP.
default,6,5,30,1,2255.610,75.187,2155.610,100,15,0,0,5,10,0,0,.LL.LL/.LL.LP/.PL.../.LLPLP/.PLLLL
default,6,5,30,2,2270.769,75.692,2150.769,120,14,0,0,6,10,0,0,....LP/L.LPLL/LPLLLL/LLLP.P/.PL...
default,6,5,30,3,2345.225,78.174,2225.225,120,14,0,0,6,10,0,0,....../LP.PLP/LL.LLL/LLLLL./PLPLP.
default,6,5,30,4,2333.338,77.778,2233.338,100,15,0,0,5,10,0,0,LLL.LL/PLP.PL/....../.LPLPL/.LLLLL
default,6,5,30,5,2345.225,78.174,2225.225,120,14,0,0,6,10,0,0,P.PLPL/....../LPLP.P/LLLL.L/L.LLLL
default,6,5,30,6,2201.237,73.375,2101.237,100,15,0,0,5,10,0,0,.LP.LP/....LL/PLLLPL/LLPLLL/.LL...
default,6,5,30,7,2246.037,74.868,2146.037,100,15,0,0,5,10,0,0,.LL.LP/.LLPLL/.PLLLP/.LL.../.PL.LL
default,6,5,30,8,2247.667,74.922,2147.667,100,15,0,0,5,10,0,0,P.PLPL/..LL../L.PL.L/P.LL.L/L.LLLL
default,6,5,30,9,2345.225,78.174,2225.225,120,14,0,0,6,10,0,0,.LLLLL/.PLPLP/....../PLP.PL/LLL.LL
default,6,5,30,10,2259.705,75.324,2159.705,100,15,0,0,5,10,0,0,....LP/.PL.../LLL.LP/LLLLLL/.PLPLL
default,6,5,30,11,2255.610,75.187,2155.610,100,15,0,0,5,10,0,0,.PLLLL/.LL.LL/.LL.LP/.PL.../.LLPLP
default,6,5,30,12,2168.881,72.296,2068.881,100,14,0,0,5,11,0,0,PL.LLL/LL.LLL/...LP./PLPLL./...LP.
default,6,5,30,13,2345.225,78.174,2225.225,120,14,0,0,6,10,0,0,PLP.PL/....../.PLPLP/.LLLLL/LLL.LL
default,6,5,30,14,2333.338,77.778,2233.338,100,15,0,0,5,10,0,0,LLLLL./LPLPL./....../LP.PLP/LL.LLL
default,6,5,30,15,2333.338,77.778,2233.338,100,15,0,0,5,10,0,0,P.PLPL/L.LLLL/LLLL.L/PLPL.L/......
default,6,5,30,16,2175.335,72.511,2075.335,100,14,0,0,5,11,0,0,L....L/LPLP.P/L....L/L.LPLL/L.LLLP
default,6,5,30,17,2255.610,75.187,2155.610,100,15,0,0,5,10,0,0,PL..../LLPLP./PLLLL./LL.LL./LL.LP.
default,6,5,30,18,2333.338,77.778,2233.338,100,15,0,0,5,10,0,0,L.LLLL/P.PLPL/....../PLPL.L/LLLL.L
default,6,5,30,19,2245.296,74.843,2145.296,100,15,0,0,5,10,0,0,LLPLPL/PLLLLL/LL..../PL.LP./...LL.
default,6,5,30,20,2255.610,75.187,2155.610,100,15,0,0,5,10,0,0,..PL../P.LL.L/L.LL.L/L.PLLL/P.LLPL
default,6,6,36,1,2728.154,75.782,2608.154,120,18,0,0,6,12,0,0,LLLLLL/LPLPLP/..LL../PLPLP./LLLLL./......
default,6,6,36,2,2779.819,77.217,2639.819,140,17,0,0,7,12,0,0,.PL.../LLLL.L/LPLP.P/..LL../.PLPLP/.LLLLL
default,6,6,36,3,2797.952,77.721,2657.952,140,17,0,0,7,12,0,0,LPLP.P/LLLL.L/..LP../LLLL.L/LPLP.P/LL....
default,6,6,36,4,2728.008,75.778,2608.008,120,18,0,0,6,12,0,0,LLLLLL/....../L.LLLL/P.PLPL/..LL../PLPLPL
default,6,6,36,5,2739.922,76.109,2599.922,140,17,0,0,7,12,0,0,LLPLP./PLLLL./...PL./LPLLLL/LLLPLP/......
default,6,6,36,6,2779.819,77.217,2639.819,140,17,0,0,7,12,0,0,...LL./PLPLP./LLLLLL/PL.LPL/LL..../PL.LP.
default,6,6,36,7,2740.360,76.121,2600.360,140,17,0,0,7,12,0,0,P....L/LL.PLL/LP.LLP/...LL./P.PLLL/L.LLPL
default,6,6,36,8,2797.952,77.721,2657.952,140,17,0,0,7,12,0,0,L....P/LLLL.L/LPLP.P/..LL../LPLP.P/LLLL.L
default,6,6,36,9,2747.737,76.326,2627.737,120,18,0,0,6,12,0,0,LLLL.L/..PL../L.LLLL/P.PLPL/L....L/PLLP.L
default,6,6,36,10,2740.360,76.121,2600.360,140,17,0,0,7,12,0,0,LLLLP./PLPLL./...LL./.PLLLP/.LLPLL/.PL...
default,6,6,36,11,2706.898,75.192,2566.898,140,17,0,0,7,12,0,0,PLLLP./..PLL./P..LLL/L.PLLL/..LLP./LLPL..
default,6,6,36,12,2705.676,75.158,2565.676,140,17,0,0,7,12,0,0,P.PLLL/..LLPL/P...LL/L.LLPL/..PLLL/L...PL
default,6,6,36,13,2740.360,76.121,2600.360,140,17,0,0,7,12,0,0,...PL./PL..../LLPLP./PLLLL./LL.LPL/LP.LLL
default,6,6,36,14,2738.816,76.078,2598.816,140,17,0,0,7,12,0,0,LLL.PL/PLP.LL/....PL/.LP.../.LLLPL/.LPLLL
default,6,6,36,15,2751.905,76.442,2611.905,140,17,0,0,7,12,0,0,.PLPLP/.LLLL./PLP.../LLLLL./.PLLP./...LLL
default,6,6,36,16,2731.420,75.873,2611.420,120,18,0,0,6,12,0,0,L.PL.P/L.LL.L/P....L/LLLLLL/PLPLPL/..LL..
default,6,6,36,17,2718.505,75.514,2598.505,120,17,0,0,7,12,0,0,LP...P/LLLL../LPLP.P/LLL..L/L...LP/LL.PLL
default,6,6,36,18,2751.905,76.442,2611.905,140,17,0,0,7,12,0,0,L...LL/LLP..P/LLLL.L/.PLP../LLL..L/PLP.PL
default,6,6,36,19,2807.789,77.994,2667.789,140,17,0,0,7,12,0,0,L.LP.P/L....L/LPLP.P/LLLL.L/L.LP.P/L.LL.L
default,6,6,36,20,2807.789,77.994,2667.789,140,17,0,0,7,12,0,0,PLPLPL/LLLLLL/P....L/L.LLLL/P.PLPL/......
default,6,7,42,1,3200.761,76.209,3020.761,180,19,0,0,9,14,0,0,PLP.LL/LLL.PL/LL..../PLP.PL/LLLLLL/.PLPLP/......
default,6,7,42,2,3193.914,76.046,3033.914,160,20,0,0,8,14,0,0,PLPLLL/....PL/P.LLLL/L.PLLL/P....L/..PL../LLLLPL
default,6,7,42,3,3213.463,76.511,3053.463,160,20,0,0,8,14,0,0,LLLLL./LPLPL./.LL.../.PL.LP/.LLPLL/.PLLLP/...PL.
default,6,7,42,4,3180.072,75.716,3040.072,140,21,0,0,7,14,0,0,PLP.PL/....LL/.LL.LL/.LP.PL/.LL.../.LPLPL/LLLLLL
default,6,7,42,5,3160.465,75.249,3000.465,160,20,0,0,8,14,0,0,PLPLL./LLLLP./...LL./LP.PLL/LLLLLP/LPLPL./......
default,6,7,42,6,3172.613,75.538,3012.613,160,20,0,0,8,14,0,0,.LL.LP/.LLPLL/.PLLLP/.LL.../LPLL.L/LLLP.P/.PL...
default,6,7,42,7,3207.101,76.360,3067.101,140,20,0,0,8,14,0,0,LLL.LL/LPL.P./LLL.../.LLPL./.PLLLP/...PLL/LP..LP
default,6,7,42,8,3200.761,76.209,3020.761,180,19,0,0,9,14,0,0,.PL.../LLLLLL/PLPLPL/....../L.LP.P/LPLL.L/LLLP.P
default,6,7,42,9,3176.345,75.627,3016.345,160,20,0,0,8,14,0,0,L.LLLL/P.PL.L/L....L/LPLP.P/LLLL.L/..LL../P.PLPL
default,6,7,42,10,3193.901,76.045,3053.901,140,20,0,0,8,14,0,0,LLPLPL/PLLLLL/LL...L/P..LPL/L.PLLL/...LP./PL....
default,6,7,42,11,3193.901,76.045,3053.901,140,20,0,0,8,14,0,0,...PL./.PLLLP/.LLPL./LLL.../LPLLLP/LLLPLL/LP....
default,6,7,42,12,3213.463,76.511,3053.463,160,20,0,0,8,14,0,0,LL.LLP/LP.PLL/L....P/L.LPLL/L.LLLP/...LL./LP.PL.
default,6,7,42,13,3173.488,75.559,3013.488,160,20,0,0,8,14,0,0,PLPLL./LL..../PL.LP./LLPLL./PLLLP./.LL.../LLLLP.
default,6,7,42,14,3193.914,76.046,3033.914,160,20,0,0,8,14,0,0,.LLPLL/.PLLLP/...LL./LPLLLP/LLLPLL/.PL.../....LP
default,6,7,42,15,3180.072,75.716,3040.072,140,21,0,0,7,14,0,0,LLPLP./PLLLL./LL.LP./...LL./PL.LLL/LL.LPL/PL....
default,6,7,42,16,3193.914,76.046,3033.914,160,20,0,0,8,14,0,0,LLLLPL/PLPLLL/....LL/L.PLLL/P.LLPL/....../P.PL.L
default,6,7,42,17,3193.914,76.046,3033.914,160,20,0,0,8,14,0,0,.PL.LP/....../LLLLLL/LPLLLP/...PL./.PLLLP/.LLPLL
default,6,7,42,18,3214.777,76.542,3054.777,160,20,0,0,8,14,0,0,L.LLPL/P.PLLL/....PL/.LP.../PLLL.L/LLPL.L/P.LL.L
default,6,7,42,19,3194.777,76.066,3054.777,140,20,0,0,8,14,0,0,PLP.PL/....../.LP.PL/PLLLLL/LLPLPL/.LLL../LLL..L
default,6,7,42,20,3173.488,75.559,3013.488,160,20,0,0,8,14,0,0,..LL../L.LP.P/LLLL.L/LLLP.P/.PL.../LLLL.L/LPLP.P
default,7,2,14,1,1014.293,72.450,954.293,60,6,0,0,3,5,0,0,L..LP.P/LP.LL.L
default,7,2,14,2,1014.293,72.450,954.293,60,6,0,0,3,5,0,0,L.LLP.L/P.PL..L
default,7,2,14,3,1014.293,72.450,954.293,60,6,0,0,3,5,0,0,.LL.PLL/.PL..LP
default,7,2,14,4,1014.293,72.450,954.293,60,6,0,0,3,5,0,0,PL..LP./LL.PLL.
default,7,2,14,5,1014.293,72.450,954.293,60,6,0,0,3,5,0,0,LP.PL../LL.LL.P
default,7,2,14,6,1014.293,72.450,954.293,60,6,0,0,3,5,0,0,..LP.LP/.PLL.LL
default,7,2,14,7,1014.293,72.450,954.293,60,6,0,0,3,5,0,0,PL..LP./LLP.LL.
default,7,2,14,8,1014.293,72.450,954.293,60,6,0,0,3,5,0,0,P..LP.L/L.PLL.L
default,7,2,14,9,1014.293,72.450,954.293,60,6,0,0,3,5,0,0,L.LL.PL/P.LP..L
default,7,2,14,10,1014.293,72.450,954.293,60,6,0,0,3,5,0,0,LP.LP../LL.LL.P
default,7,2,14,11,1014.293,72.450,954.293,60,6,0,0,3,5,0,0,.LP.LP./PLL.LL.
default,7,2,14,12,1014.293,72.450,954.293,60,6,0,0,3,5,0,0,P.PL..L/L.LL.PL
default,7,2,14,13,1014.293,72.450,954.293,60,6,0,0,3,5,0,0,.LLP.LL/.PL..PL
default,7,2,14,14,1014.293,72.450,954.293,60,6,0,0,3,5,0,0,..LP.PL/.PLL.LL
default,7,2,14,15,1014.293,72.450,954.293,60,6,0,0,3,5,0,0,L.LL.PL/P.LP..L
default,7,2,14,16,1014.293,72.450,954.293,60,6,0,0,3,5,0,0,PL.PL../LL.LLP.
default,7,2,14,17,1014.293,72.450,954.293,60,6,0,0,3,5,0,0,PL..PL./LLP.LL.
default,7,2,14,18,1014.293,72.450,954.293,60,6,0,0,3,5,0,0,P.LL.LL/..PL.PL
default,7,2,14,19,1014.293,72.450,954.293,60,6,0,0,3,5,0,0,P.PL..L/L.LLP.L
default,7,2,14,20,1014.293,72.450,954.293,60,6,0,0,3,5,0,0,L.LL.PL/P.PL..L
default,7,3,21,1,1495.900,71.233,1435.900,60,11,0,0,3,7,0,0,LLLLLLL/LPLPLPL/.......
default,7,3,21,2,1495.900,71.233,1435.900,60,11,0,0,3,7,0,0,LLLLLLL/LPLPLPL/.......
default,7,3,21,3,1495.900,71.233,1435.900,60,11,0,0,3,7,0,0,LLLLLLL/LPLPLPL/.......
default,7,3,21,4,1495.900,71.233,1435.900,60,11,0,0,3,7,0,0,LLLLLLL/LPLPLPL/.......
default,7,3,21,5,1495.900,71.233,1435.900,60,11,0,0,3,7,0,0,LLLLLLL/LPLPLPL/.......
default,7,3,21,6,1495.900,71.233,1435.900,60,11,0,0,3,7,0,0,LLLLLLL/LPLPLPL/.......
default,7,3,21,7,1495.900,71.233,1435.900,60,11,0,0,3,7,0,0,LLLLLLL/LPLPLPL/.......
default,7,3,21,8,1495.900,71.233,1435.900,60,11,0,0,3,7,0,0,LLLLLLL/LPLPLPL/.......
default,7,3,21,9,1495.900,71.233,1435.900,60,11,0,0,3,7,0,0,LLLLLLL/LPLPLPL/.......
default,7,3,21,10,1495.900,71.233,1435.900,60,11,0,0,3,7,0,0,LLLLLLL/LPLPLPL/.......
default,7,3,21,11,1495.900,71.233,1435.900,60,11,0,0,3,7,0,0,LLLLLLL/LPLPLPL/.......
default,7,3,21,12,1495.900,71.233,1435.900,60,11,0,0,3,7,0,0,LLLLLLL/LPLPLPL/.......
default,7,3,21,13,1495.900,71.233,1435.900,60,11,0,0,3,7,0,0,LLLLLLL/LPLPLPL/.......
default,7,3,21,14,1495.900,71.233,1435.900,60,11,0,0,3,7,0,0,LLLLLLL/LPLPLPL/.......
default,7,3,21,15,1495.900,71.233,1435.900,60,11,0,0,3,7,0,0,LLLLLLL/LPLPLPL/.......
default,7,3,21,16,1495.900,71.233,1435.900,60,11,0,0,3,7,0,0,LLLLLLL/LPLPLPL/.......
default,7,3,21,17,1495.900,71.233,1435.900,60,11,0,0,3,7,0,0,LLLLLLL/LPLPLPL/.......
default,7,3,21,18,1495.900,71.233,1435.900,60,11,0,0,3,7,0,0,LLLLLLL/LPLPLPL/.......
default,7,3,21,19,1495.900,71.233,1435.900,60,11,0,0,3,7,0,0,LLLLLLL/LPLPLPL/.......
default,7,3,21,20,1495.900,71.233,1435.900,60,11,0,0,3,7,0,0,LLLLLLL/LPLPLPL/.......
default,7,4,28,1,2091.813,74.708,1991.813,100,13,0,0,5,9,0,0,LP..PLP/LL.LLLL/...P.P./LL.LLL.
default,7,4,28,2,2152.829,76.887,2072.829,80,14,0,0,5,9,0,0,LLLLL.L/P..LP.L/..LLL../LPLPL.P
default,7,4,28,3,2043.646,72.987,1943.646,100,13,0,0,5,10,0,0,....PLP/.LP..../PLLLPL./LLLLLLL
default,7,4,28,4,2167.980,77.428,2087.980,80,14,0,0,5,9,0,0,..LLL../LPLP..P/LLLLL.L/P.LPL.L
default,7,4,28,5,2086.101,74.504,1986.101,100,13,0,0,5,9,0,0,LL.LLL./LP.P.P./LL.LLL./PL.PL..
default,7,4,28,6,2091.813,74.708,1991.813,100,13,0,0,5,9,0,0,P.P..../LLLLLL./.PLPLP./LLL.LL.
default,7,4,28,7,2086.101,74.504,1986.101,100,13,0,0,5,9,0,0,.PL.P.P/.LL.LLL/.LP..LP/.LL.LLL
default,7,4,28,8,2167.980,77.428,2087.980,80,14,0,0,5,9,0,0,.LPL.PL/LLLL.LL/PLP..PL/.LLL...
default,7,4,28,9,2167.980,77.428,2087.980,80,14,0,0,5,9,0,0,.PL.LPL/....LLL/.PLPLP./.LLLLLL
default,7,4,28,10,2167.980,77.428,2087.980,80,14,0,0,5,9,0,0,P.LPL.L/..LLL../P..PLPL/L.LLLLL
default,7,4,28,11,2167.980,77.428,2087.980,80,14,0,0,5,9,0,0,.LLL.../.LPL.PL/LLLL.LL/PLP..PL
default,7,4,28,12,2091.813,74.708,1991.813,100,13,0,0,5,9,0,0,..P.P../L.LLL.L/LPLP..P/LLLLL.L
default,7,4,28,13,2091.813,74.708,1991.813,100,13,0,0,5,9,0,0,LL.LLL./PLPLP../LLLLLL./...P.P.
default,7,4,28,14,2081.251,74.330,2001.251,80,13,0,0,5,9,0,0,LLLL.../.LPLLP./LLLLLL./P.P..P.
default,7,4,28,15,2167.980,77.428,2087.980,80,14,0,0,5,9,0,0,.LLLLLL/.PLPLP./....LLL/.LP.LPL
default,7,4,28,16,2167.980,77.428,2087.980,80,14,0,0,5,9,0,0,PL.LPL./LLLLLL./PLPLP../...LLL.
default,7,4,28,17,2043.646,72.987,1943.646,100,13,0,0,5,10,0,0,...LP../.P....P/LLLLLLL/LPLLLLP
default,7,4,28,18,2167.980,77.428,2087.980,80,14,0,0,5,9,0,0,LLL..../LPL.PL./LLLLLL./.PLPLP.
default,7,4,28,19,2091.813,74.708,1991.813,100,13,0,0,5,9,0,0,.P....P/LL.LLLL/P..PLPL/LL.LL.L
default,7,4,28,20,2167.980,77.428,2087.980,80,14,0,0,5,9,0,0,.LLL.../.LPL.LP/LLLL.LL/PLP..PL
default,7,5,35,1,2514.032,71.829,2394.032,120,17,0,0,6,12,0,0,PLLL.LL/.....PL/P.LP.LL/..LL.PL/LLPL.LL
default,7,5,35,2,2514.032,71.829,2394.032,120,17,0,0,6,12,0,0,.PLP.../..LL.PL/.PLLLLL/.LLPLLL/.LL..LP
default,7,5,35,3,2548.917,72.826,2428.917,120,17,0,0,6,12,0,0,LLPLP.P/......./LP.LP.P/L..LLLL/LLLLLLL
default,7,5,35,4,2664.233,76.121,2524.233,140,16,0,0,7,12,0,0,.....LP/.PLP.LL/LLLL.PL/PLL..LL/.LP.PLL
default,7,5,35,5,2664.233,76.121,2524.233,140,16,0,0,7,12,0,0,.....LP/.LP.PLL/PLL..LL/LLLL.PL/.PLP.LL
default,7,5,35,6,2664.233,76.121,2524.233,140,16,0,0,7,12,0,0,LLLLPLL/..LL.LP/.PLP.../.....PL/PLPLLLL
default,7,5,35,7,2664.233,76.121,2524.233,140,16,0,0,7,12,0,0,PLP.LL./.LLLLP./.LLPLLL/.PL.LLP/....PL.
default,7,5,35,8,2664.233,76.121,2524.233,140,16,0,0,7,12,0,0,LL..LLP/LLL.PLL/PLP.LL./....LP./LP.PLL.
default,7,5,35,9,2664.233,76.121,2524.233,140,16,0,0,7,12,0,0,PLLLLLL/.LL..PL/.PLP.../.....LP/LLPLPLL
default,7,5,35,10,2632.474,75.214,2492.474,140,16,0,0,7,12,0,0,....PLP/.LP.LL./PLLLLP./.LLPLL./.PL.LLL
default,7,5,35,11,2514.032,71.829,2394.032,120,17,0,0,6,12,0,0,..LP.../.PLL.LP/..LP.LL/LPLL.LL/LLLL.PL
default,7,5,35,12,2510.131,71.718,2390.131,120,17,0,0,6,12,0,0,P.PLP.L/L.....L/P.PLP.L/LLLL..L/LLLLL.L
default,7,5,35,13,2548.917,72.826,2428.917,120,17,0,0,6,12,0,0,L.PLP.P/......./LPLPLPL/LLLLLLL/L..LL.L
default,7,5,35,14,2648.353,75.667,2508.353,140,16,0,0,7,12,0,0,.PL..LP/....PLL/PLP.LLL/LLL..PL/.LLP.LL
default,7,5,35,15,2513.832,71.824,2393.832,120,17,0,0,6,12,0,0,.PLPLLL/.....LP/.PLP.LL/.LLL.PL/..LLLLL
default,7,5,35,16,2664.233,76.121,2524.233,140,16,0,0,7,12,0,0,P.PLLLL/..LLPLL/.LLL.LP/.PLP.LL/.....PL
default,7,5,35,17,2664.233,76.121,2524.233,140,16,0,0,7,12,0,0,L.LP..L/LPLLL.L/LLLLP.P/..PL.../P.LL.PL
default,7,5,35,18,2510.131,71.718,2390.131,120,17,0,0,6,12,0,0,PLLPLP./....LL./PLP.PL./.LL.LL./LLLLLL.
default,7,5,35,19,2664.233,76.121,2524.233,140,16,0,0,7,12,0,0,..LLPLL/P.PLLLL/.....PL/.PLP.LL/.LLL.LP
default,7,5,35,20,2504.064,71.545,2384.064,120,17,0,0,6,12,0,0,..LL.LP/.LLP.LL/.PLL.LL/..LL.LP/.PLP.LL
default,7,6,42,1,3180.072,75.716,3040.072,140,21,0,0,7,14,0,0,.....LL/.LP.PLP/.LL.LLL/.LP..../LLLLLLL/LPLLPLP
default,7,6,42,2,3075.570,73.228,2915.570,160,19,0,0,8,15,0,0,L.....L/LP.PLLP/LL.LLLL/PLPLP../LLLLL.L/..P.P..
default,7,6,42,3,3176.345,75.627,3016.345,160,20,0,0,8,14,0,0,LLLLP.L/..PL.../LLLLP.L/LPLLL.P/...LP../PLPLL.L
default,7,6,42,4,3193.901,76.045,3053.901,140,20,0,0,8,14,0,0,..LP..P/.LLLL../.PLPLLP/..LLLLL/P.PL.PL/L.LL.LL
default,7,6,42,5,3213.463,76.511,3053.463,160,20,0,0,8,14,0,0,...LL../LP....P/LL.LLLL/P..PLPL/LLLLL.L/PLPLP.L
default,7,6,42,6,3194.339,76.056,3054.339,140,20,0,0,8,14,0,0,LL...LL/PLPL..L/LLLLL.L/P.PLP.L/L.LL..L/P..P.PL
default,7,6,42,7,3213.463,76.511,3053.463,160,20,0,0,8,14,0,0,.PLPLPL/.....LL/.PLP.../LLLL.LL/PLP..PL/.LLLLLL
default,7,6,42,8,3075.570,73.228,2915.570,160,19,0,0,8,15,0,0,L.LLLLL/LPLP..P/LLLL.LL/P.P..../....LL./P.PLPLL
default,7,6,42,9,3200.761,76.209,3020.761,180,19,0,0,9,14,0,0,L..LL.P/LP.PL.L/LL....P/LP.PL../LL.LLLP/LP.LPLL
default,7,6,42,10,3194.777,76.066,3054.777,140,20,0,0,8,14,0,0,L.LL.LL/L.PL..P/LLLL.LL/PLPL.PL/LL....L/P..P.PL
default,7,6,42,11,3200.761,76.209,3020.761,180,19,0,0,9,14,0,0,.PLL.../.LLP.LP/.PL..LL/LLLP.PL/PLLL.LL/..LP.PL
default,7,6,42,12,3180.072,75.716,3040.072,140,21,0,0,7,14,0,0,..LL.../P.LPLPL/L.LLLLL/..LP.../LLLLL.L/LPLPL.P
default,7,6,42,13,3180.072,75.716,3040.072,140,21,0,0,7,14,0,0,.LPLPLP/.LLLLLL/..LP.../L.LLLLL/P.PLPLL/...LL..
default,7,6,42,14,3200.761,76.209,3020.761,180,19,0,0,9,14,0,0,PLLL.PL/..LP.LL/.PLL.PL/.LLP.../.PL..PL/LLLP.LL
default,7,6,42,15,3235.202,77.029,3075.202,160,20,0,0,8,14,0,0,LL.LLLL/LP....P/L..LL.L/LP.PL.P/LL.LL.L/P..PLPL
default,7,6,42,16,3193.914,76.046,3033.914,160,20,0,0,8,14,0,0,.....LL/P.PL.PL/L.LLLLL/..PLPLL/.LLL.LL/.PLP.LP
default,7,6,42,17,3193.476,76.035,3033.476,160,20,0,0,8,14,0,0,.PLPLP./LLLLLL./LLP.LP./.LL.LL./.LP.PLP/....LLL
default,7,6,42,18,3075.570,73.228,2915.570,160,19,0,0,8,15,0,0,PL.PLPL/L.....L/..P.P../LLLLL.L/PLPLP../LL.LLLL
default,7,6,42,19,3173.488,75.559,3013.488,160,20,0,0,8,14,0,0,PLPLLP./......./LP.PLPL/LL.LLLL/LP..PL./LLLLLL.
default,7,6,42,20,3235.202,77.029,3075.202,160,20,0,0,8,14,0,0,....PLP/.LL.LL./.LP.PLP/.LL.LLL/.PLPLP./.LLLLLL
default,7,7,49,1,3589.060,73.246,3429.060,160,24,0,0,9,16,0,0,.LPLLLP/.LLL.../LLP..LL/PLLL.PL/.LLP.../.PL..LP/.LLLPLL
default,7,7,49,2,3589.060,73.246,3429.060,160,24,0,0,9,16,0,0,LL.LL.P/LP.PL.L/......./LLL.LP./LPLPLLL/LLLLLPL/LP.PL..
default,7,7,49,3,3469.452,70.805,3309.452,160,24,0,0,8,17,0,0,LLP.PLL/....LL./.PL.PLP/.LL..../LLLLLL./.LLPLP./PLL.LLL
default,7,7,49,4,3589.060,73.246,3429.060,160,24,0,0,9,16,0,0,..PL.../L.LLL.P/LPLPLLL/LLLLLPL/P.LP..L/L....PL/P.LL.LL
default,7,7,49,5,3589.060,73.246,3429.060,160,24,0,0,9,16,0,0,.PL.PLP/.LL.LLL/.LP..LP/.LLLPLL/LLPLLLL/PLLL.PL/.......
default,7,7,49,6,3589.060,73.246,3429.060,160,24,0,0,9,16,0,0,......./LLL.PL./LPL.LLP/LLL.LLL/.PLPLP./LLLLLL./PLP.LP.
default,7,7,49,7,3589.060,73.246,3429.060,160,24,0,0,9,16,0,0,P.LL.LL/L.LP.PL/......./.LLLPLP/LLPLLLL/PLLL.LL/..LP.PL
default,7,7,49,8,3469.452,70.805,3309.452,160,24,0,0,8,17,0,0,L..LLLL/LLLPLLP/LPLLL.L/LL...../PL.LLP./...LL../LP.LP.P
default,7,7,49,9,3587.345,73.211,3447.345,140,25,0,0,8,16,0,0,LLL.LL./.LL.LL./.LP.PLP/....LLL/.LP.PL./LLLLLL./LPLPLP.
default,7,7,49,10,3589.060,73.246,3429.060,160,24,0,0,9,16,0,0,LLLLLL./PLPLP../...LLL./.LLLPLP/.LPLLLL/....LL./PL.PLP.
default,7,7,49,11,3589.060,73.246,3429.060,160,24,0,0,9,16,0,0,P....LL/L.LL.PL/P.LP..L/L.LL.LL/LLLP.LP/LPLL.LL/..LP.PL
default,7,7,49,12,3434.077,70.083,3334.077,100,27,0,0,6,16,0,0,LLLP.LP/LPLL.LL/L.LP..L/L.LLLLL/L.LLLPL/..LP.../L....LL
default,7,7,49,13,3589.060,73.246,3429.060,160,24,0,0,9,16,0,0,..PL.PL/PLLL.LL/LLPLLLL/.LLLPLP/......./L.PL.PL/P.LL.LL
default,7,7,49,14,3589.060,73.246,3429.060,160,24,0,0,9,16,0,0,....PLP/.PL.LLL/.LL..../LLL.PLP/LPL.LLL/LLLPLP./.PLLLL.
default,7,7,49,15,3589.060,73.246,3429.060,160,24,0,0,9,16,0,0,L....LL/L.PL..L/P.LLP.L/..PLL../L..LP.P/LLLLLLL/LPLPLLP
default,7,7,49,16,3587.345,73.211,3447.345,140,25,0,0,8,16,0,0,L.....P/LPLLPLL/LLLLLLP/......./LLLP.LL/LPLL.LP/L.LP.LL
default,7,7,49,17,3434.077,70.083,3334.077,100,27,0,0,6,16,0,0,LLLLP.P/LL....L/L..PL.L/LP.LLLL/LL.LPLP/...LLL./LLLLL..
default,7,7,49,18,3589.060,73.246,3429.060,160,24,0,0,9,16,0,0,...LL../PL.PLP./LL.LLLL/LP..PLP/LLL..../LPLPLP./LLLLLL.
default,7,7,49,19,3589.060,73.246,3429.060,160,24,0,0,9,16,0,0,...LLL./LP..PLP/LL.LLLL/PL.PLP./......./LLPLLLL/PLLLPLL
default,7,7,49,20,3692.654,75.360,3492.654,200,22,0,0,10,17,0,0,L.LLPLL/.....LP/.P.PLLL/LL.LLPL/PL.P.LL/.....PL/P.PLLLL
